{
"instructions_readme": "1) Open Chrome, 2) go to chrome://tracing, 3) click Load, 4) navigate to this file.",

"traceEvents":[
{ "pid": 1, "tid": 1, "ph": "M", "name": "thread_name", "args": { "name": "" } },
{ "pid": 1, "tid": 1, "ts": 3.00000002607703, "dur": 20993380.859375, "ph": "X", "name": "il2cpp.exe", "args": { "durationMS": 20993.380859375, "detail": "" } },
{ "pid": 1, "tid": 1, "ts": 123486.198425293, "dur": 19046025.390625, "ph": "X", "name": "ConvertAssemblies", "args": { "durationMS": 19046.025390625, "detail": "" } },
{ "pid": 1, "tid": 1, "ts": 151079.1015625, "dur": 157954.406738281, "ph": "X", "name": "Collect assemblies to convert", "args": { "durationMS": 157.954406738281, "detail": "" } },
{ "pid": 1, "tid": 1, "ts": 309190.704345703, "dur": 72047.5997924805, "ph": "X", "name": "RegisterCorlib", "args": { "durationMS": 72.0475997924805, "detail": "" } },
{ "pid": 1, "tid": 1, "ts": 381671.813964844, "dur": 79002.0980834961, "ph": "X", "name": "PreProcessIL", "args": { "durationMS": 79.0020980834961, "detail": "" } },
{ "pid": 1, "tid": 1, "ts": 381672.180175781, "dur": 15832.0989608765, "ph": "X", "name": "Inject base types and finalizers into COM and Windows Runtime types", "args": { "durationMS": 15.8320989608765, "detail": "" } },
{ "pid": 1, "tid": 1, "ts": 382043.914794922, "dur": 10770.899772644, "ph": "X", "name": "ModifyCOMAndWindowsRuntimeTypes in assembly", "args": { "durationMS": 10.770899772644, "detail": "mscorlib" } },
{ "pid": 1, "tid": 1, "ts": 392815.582275391, "dur": 1895.90001106262, "ph": "X", "name": "ModifyCOMAndWindowsRuntimeTypes in assembly", "args": { "durationMS": 1.89590001106262, "detail": "System" } },
{ "pid": 1, "tid": 1, "ts": 395067.993164063, "dur": 1339.10000324249, "ph": "X", "name": "ModifyCOMAndWindowsRuntimeTypes in assembly", "args": { "durationMS": 1.33910000324249, "detail": "UnityEngine.CoreModule" } },
{ "pid": 1, "tid": 1, "ts": 397504.39453125, "dur": 63168.1976318359, "ph": "X", "name": "ApplyDefaultMarshalAsAttribute", "args": { "durationMS": 63.1681976318359, "detail": "" } },
{ "pid": 1, "tid": 1, "ts": 397832.611083984, "dur": 27561.2983703613, "ph": "X", "name": "ApplyDefaultMarshalAsAttributeVisitor in assembly", "args": { "durationMS": 27.5612983703613, "detail": "mscorlib" } },
{ "pid": 1, "tid": 1, "ts": 425395.202636719, "dur": 9558.50028991699, "ph": "X", "name": "ApplyDefaultMarshalAsAttributeVisitor in assembly", "args": { "durationMS": 9.55850028991699, "detail": "System" } },
{ "pid": 1, "tid": 1, "ts": 435274.291992188, "dur": 1781.49998188019, "ph": "X", "name": "ApplyDefaultMarshalAsAttributeVisitor in assembly", "args": { "durationMS": 1.78149998188019, "detail": "UnityEngine.CoreModule" } },
{ "pid": 1, "tid": 1, "ts": 437254.913330078, "dur": 420.300006866455, "ph": "X", "name": "ApplyDefaultMarshalAsAttributeVisitor in assembly", "args": { "durationMS": 0.420300006866455, "detail": "UnityEngine.IMGUIModule" } },
{ "pid": 1, "tid": 1, "ts": 438229.797363281, "dur": 1469.5999622345, "ph": "X", "name": "ApplyDefaultMarshalAsAttributeVisitor in assembly", "args": { "durationMS": 1.4695999622345, "detail": "UnityEngine.UI" } },
{ "pid": 1, "tid": 1, "ts": 440085.296630859, "dur": 1454.69999313354, "ph": "X", "name": "ApplyDefaultMarshalAsAttributeVisitor in assembly", "args": { "durationMS": 1.45469999313354, "detail": "Unity.TextMeshPro" } },
{ "pid": 1, "tid": 1, "ts": 441551.422119141, "dur": 582.300007343292, "ph": "X", "name": "ApplyDefaultMarshalAsAttributeVisitor in assembly", "args": { "durationMS": 0.582300007343292, "detail": "UnityEngine.AndroidJNIModule" } },
{ "pid": 1, "tid": 1, "ts": 442369.903564453, "dur": 10732.6002120972, "ph": "X", "name": "ApplyDefaultMarshalAsAttributeVisitor in assembly", "args": { "durationMS": 10.7326002120972, "detail": "UnityEngine.UNETModule" } },
{ "pid": 1, "tid": 1, "ts": 454249.969482422, "dur": 5865.79990386963, "ph": "X", "name": "ApplyDefaultMarshalAsAttributeVisitor in assembly", "args": { "durationMS": 5.86579990386963, "detail": "com.unity.multiplayer-hlapi.Runtime" } },
{ "pid": 1, "tid": 1, "ts": 460117.004394531, "dur": 549.799978733063, "ph": "X", "name": "ApplyDefaultMarshalAsAttributeVisitor in assembly", "args": { "durationMS": 0.549799978733063, "detail": "Assembly-CSharp" } },
{ "pid": 1, "tid": 1, "ts": 460935.882568359, "dur": 19374.0005493164, "ph": "X", "name": "WriteResources", "args": { "durationMS": 19.3740005493164, "detail": "" } },
{ "pid": 1, "tid": 1, "ts": 480518.005371094, "dur": 32747.0016479492, "ph": "X", "name": "CopyEtcFolder", "args": { "durationMS": 32.7470016479492, "detail": "" } },
{ "pid": 1, "tid": 1, "ts": 513920.532226563, "dur": 420152.587890625, "ph": "X", "name": "PreProcessStage", "args": { "durationMS": 420.152587890625, "detail": "" } },
{ "pid": 1, "tid": 1, "ts": 934080.627441406, "dur": 2833.19997787476, "ph": "X", "name": "Debugger Sequence Points", "args": { "durationMS": 2.83319997787476, "detail": "" } },
{ "pid": 1, "tid": 1, "ts": 937709.350585938, "dur": 2272852.29492188, "ph": "X", "name": "Generics Collection", "args": { "durationMS": 2272.85229492188, "detail": "" } },
{ "pid": 1, "tid": 1, "ts": 937709.47265625, "dur": 2231121.82617188, "ph": "X", "name": "GenericsCollector.Collect", "args": { "durationMS": 2231.12182617188, "detail": "" } },
{ "pid": 1, "tid": 1, "ts": 3168831.78710938, "dur": 40134.2010498047, "ph": "X", "name": "CollectGenericVirtualMethods.Collect", "args": { "durationMS": 40.1342010498047, "detail": "" } },
{ "pid": 1, "tid": 1, "ts": 3208966.06445313, "dur": 1308.20000171661, "ph": "X", "name": "AddExtraTypes", "args": { "durationMS": 1.30820000171661, "detail": "" } },
{ "pid": 1, "tid": 1, "ts": 3210562.01171875, "dur": 2644.39988136292, "ph": "X", "name": "Add Windows Runtime type names", "args": { "durationMS": 2.64439988136292, "detail": "" } },
{ "pid": 1, "tid": 1, "ts": 3210562.25585938, "dur": 2643.89991760254, "ph": "X", "name": "Add Windows Runtime type names", "args": { "durationMS": 2.64389991760254, "detail": "" } },
{ "pid": 1, "tid": 1, "ts": 3222906.73828125, "dur": 7892359.375, "ph": "X", "name": "AllAssemblyConversion", "args": { "durationMS": 7892.359375, "detail": "" } },
{ "pid": 1, "tid": 1, "ts": 3230037.59765625, "dur": 3182220.94726563, "ph": "X", "name": "Convert", "args": { "durationMS": 3182.22094726563, "detail": "mscorlib" } },
{ "pid": 1, "tid": 1, "ts": 3230040.0390625, "dur": 3182218.26171875, "ph": "X", "name": "Code", "args": { "durationMS": 3182.21826171875, "detail": "" } },
{ "pid": 1, "tid": 1, "ts": 3230669.921875, "dur": 3181587.15820313, "ph": "X", "name": "Methods", "args": { "durationMS": 3181.58715820313, "detail": "Definitions" } },
{ "pid": 1, "tid": 1, "ts": 6418378.90625, "dur": 391506.195068359, "ph": "X", "name": "Convert", "args": { "durationMS": 391.506195068359, "detail": "System" } },
{ "pid": 1, "tid": 1, "ts": 6418381.8359375, "dur": 391503.204345703, "ph": "X", "name": "Code", "args": { "durationMS": 391.503204345703, "detail": "" } },
{ "pid": 1, "tid": 1, "ts": 6418437.01171875, "dur": 391447.692871094, "ph": "X", "name": "Methods", "args": { "durationMS": 391.447692871094, "detail": "Definitions" } },
{ "pid": 1, "tid": 1, "ts": 6816436.03515625, "dur": 1481.29999637604, "ph": "X", "name": "Convert", "args": { "durationMS": 1.48129999637604, "detail": "System.Xml" } },
{ "pid": 1, "tid": 1, "ts": 6816438.96484375, "dur": 1478.2999753952, "ph": "X", "name": "Code", "args": { "durationMS": 1.4782999753952, "detail": "" } },
{ "pid": 1, "tid": 1, "ts": 6816443.84765625, "dur": 1473.00004959106, "ph": "X", "name": "Methods", "args": { "durationMS": 1.47300004959106, "detail": "Definitions" } },
{ "pid": 1, "tid": 1, "ts": 6825224.609375, "dur": 4050.70018768311, "ph": "X", "name": "Convert", "args": { "durationMS": 4.05070018768311, "detail": "System.Configuration" } },
{ "pid": 1, "tid": 1, "ts": 6825227.05078125, "dur": 4047.80006408691, "ph": "X", "name": "Code", "args": { "durationMS": 4.04780006408691, "detail": "" } },
{ "pid": 1, "tid": 1, "ts": 6825234.375, "dur": 4040.50016403198, "ph": "X", "name": "Methods", "args": { "durationMS": 4.04050016403198, "detail": "Definitions" } },
{ "pid": 1, "tid": 1, "ts": 6838344.7265625, "dur": 9370.20015716553, "ph": "X", "name": "Convert", "args": { "durationMS": 9.37020015716553, "detail": "Mono.Security" } },
{ "pid": 1, "tid": 1, "ts": 6838348.14453125, "dur": 9367.30003356934, "ph": "X", "name": "Code", "args": { "durationMS": 9.36730003356934, "detail": "" } },
{ "pid": 1, "tid": 1, "ts": 6838352.5390625, "dur": 9361.90032958984, "ph": "X", "name": "Methods", "args": { "durationMS": 9.36190032958984, "detail": "Definitions" } },
{ "pid": 1, "tid": 1, "ts": 6853677.24609375, "dur": 4882.90023803711, "ph": "X", "name": "Convert", "args": { "durationMS": 4.88290023803711, "detail": "System.Core" } },
{ "pid": 1, "tid": 1, "ts": 6853679.6875, "dur": 4880.09977340698, "ph": "X", "name": "Code", "args": { "durationMS": 4.88009977340698, "detail": "" } },
{ "pid": 1, "tid": 1, "ts": 6853691.40625, "dur": 4869.20022964478, "ph": "X", "name": "Methods", "args": { "durationMS": 4.86920022964478, "detail": "Definitions" } },
{ "pid": 1, "tid": 1, "ts": 6864527.34375, "dur": 16474.4987487793, "ph": "X", "name": "Convert", "args": { "durationMS": 16.4744987487793, "detail": "UnityEngine.SharedInternalsModule" } },
{ "pid": 1, "tid": 1, "ts": 6864529.296875, "dur": 16471.7998504639, "ph": "X", "name": "Code", "args": { "durationMS": 16.4717998504639, "detail": "" } },
{ "pid": 1, "tid": 1, "ts": 6864541.015625, "dur": 16460.7009887695, "ph": "X", "name": "Methods", "args": { "durationMS": 16.4607009887695, "detail": "Definitions" } },
{ "pid": 1, "tid": 1, "ts": 6891893.5546875, "dur": 469455.810546875, "ph": "X", "name": "Convert", "args": { "durationMS": 469.455810546875, "detail": "UnityEngine.CoreModule" } },
{ "pid": 1, "tid": 1, "ts": 6891897.4609375, "dur": 469451.629638672, "ph": "X", "name": "Code", "args": { "durationMS": 469.451629638672, "detail": "" } },
{ "pid": 1, "tid": 1, "ts": 6892217.7734375, "dur": 469131.530761719, "ph": "X", "name": "Methods", "args": { "durationMS": 469.131530761719, "detail": "Definitions" } },
{ "pid": 1, "tid": 1, "ts": 7367852.05078125, "dur": 16376.3999938965, "ph": "X", "name": "Convert", "args": { "durationMS": 16.3763999938965, "detail": "UnityEngine.TextRenderingModule" } },
{ "pid": 1, "tid": 1, "ts": 7367853.515625, "dur": 16374.0997314453, "ph": "X", "name": "Code", "args": { "durationMS": 16.3740997314453, "detail": "" } },
{ "pid": 1, "tid": 1, "ts": 7367861.81640625, "dur": 16366.3005828857, "ph": "X", "name": "Methods", "args": { "durationMS": 16.3663005828857, "detail": "Definitions" } },
{ "pid": 1, "tid": 1, "ts": 7389788.57421875, "dur": 22481.0009002686, "ph": "X", "name": "Convert", "args": { "durationMS": 22.4810009002686, "detail": "UnityEngine.AnimationModule" } },
{ "pid": 1, "tid": 1, "ts": 7389791.9921875, "dur": 22478.099822998, "ph": "X", "name": "Code", "args": { "durationMS": 22.478099822998, "detail": "" } },
{ "pid": 1, "tid": 1, "ts": 7389805.17578125, "dur": 22465.1012420654, "ph": "X", "name": "Methods", "args": { "durationMS": 22.4651012420654, "detail": "Definitions" } },
{ "pid": 1, "tid": 1, "ts": 7418246.58203125, "dur": 167407.791137695, "ph": "X", "name": "Convert", "args": { "durationMS": 167.407791137695, "detail": "UnityEngine.IMGUIModule" } },
{ "pid": 1, "tid": 1, "ts": 7418248.53515625, "dur": 167404.907226563, "ph": "X", "name": "Code", "args": { "durationMS": 167.404907226563, "detail": "" } },
{ "pid": 1, "tid": 1, "ts": 7418263.18359375, "dur": 167390.30456543, "ph": "X", "name": "Methods", "args": { "durationMS": 167.39030456543, "detail": "Definitions" } },
{ "pid": 1, "tid": 1, "ts": 7591240.72265625, "dur": 12875.599861145, "ph": "X", "name": "Convert", "args": { "durationMS": 12.875599861145, "detail": "UnityEngine.InputLegacyModule" } },
{ "pid": 1, "tid": 1, "ts": 7591243.1640625, "dur": 12873.1002807617, "ph": "X", "name": "Code", "args": { "durationMS": 12.8731002807617, "detail": "" } },
{ "pid": 1, "tid": 1, "ts": 7591252.9296875, "dur": 12863.2001876831, "ph": "X", "name": "Methods", "args": { "durationMS": 12.8632001876831, "detail": "Definitions" } },
{ "pid": 1, "tid": 1, "ts": 7609560.05859375, "dur": 18355.8006286621, "ph": "X", "name": "Convert", "args": { "durationMS": 18.3558006286621, "detail": "UnityEngine.Physics2DModule" } },
{ "pid": 1, "tid": 1, "ts": 7609562.5, "dur": 18353.5003662109, "ph": "X", "name": "Code", "args": { "durationMS": 18.3535003662109, "detail": "" } },
{ "pid": 1, "tid": 1, "ts": 7609570.3125, "dur": 18345.6001281738, "ph": "X", "name": "Methods", "args": { "durationMS": 18.3456001281738, "detail": "Definitions" } },
{ "pid": 1, "tid": 1, "ts": 7635057.12890625, "dur": 18950.1991271973, "ph": "X", "name": "Convert", "args": { "durationMS": 18.9501991271973, "detail": "UnityEngine.PhysicsModule" } },
{ "pid": 1, "tid": 1, "ts": 7635059.5703125, "dur": 18947.5002288818, "ph": "X", "name": "Code", "args": { "durationMS": 18.9475002288818, "detail": "" } },
{ "pid": 1, "tid": 1, "ts": 7635068.359375, "dur": 18937.9997253418, "ph": "X", "name": "Methods", "args": { "durationMS": 18.9379997253418, "detail": "Definitions" } },
{ "pid": 1, "tid": 1, "ts": 7660053.22265625, "dur": 19602.0984649658, "ph": "X", "name": "Convert", "args": { "durationMS": 19.6020984649658, "detail": "UnityEngine.UIModule" } },
{ "pid": 1, "tid": 1, "ts": 7660055.6640625, "dur": 19599.6990203857, "ph": "X", "name": "Code", "args": { "durationMS": 19.5996990203857, "detail": "" } },
{ "pid": 1, "tid": 1, "ts": 7660064.94140625, "dur": 19590.7001495361, "ph": "X", "name": "Methods", "args": { "durationMS": 19.5907001495361, "detail": "Definitions" } },
{ "pid": 1, "tid": 1, "ts": 7687419.43359375, "dur": 11107.3999404907, "ph": "X", "name": "Convert", "args": { "durationMS": 11.1073999404907, "detail": "UnityEngine.AudioModule" } },
{ "pid": 1, "tid": 1, "ts": 7687421.875, "dur": 11104.5999526978, "ph": "X", "name": "Code", "args": { "durationMS": 11.1045999526978, "detail": "" } },
{ "pid": 1, "tid": 1, "ts": 7687432.6171875, "dur": 11093.0995941162, "ph": "X", "name": "Methods", "args": { "durationMS": 11.0930995941162, "detail": "Definitions" } },
{ "pid": 1, "tid": 1, "ts": 7704495.1171875, "dur": 1620.20003795624, "ph": "X", "name": "Convert", "args": { "durationMS": 1.62020003795624, "detail": "UnityEngine.GridModule" } },
{ "pid": 1, "tid": 1, "ts": 7704497.55859375, "dur": 1617.40005016327, "ph": "X", "name": "Code", "args": { "durationMS": 1.61740005016327, "detail": "" } },
{ "pid": 1, "tid": 1, "ts": 7704502.44140625, "dur": 1612.90001869202, "ph": "X", "name": "Methods", "args": { "durationMS": 1.61290001869202, "detail": "Definitions" } },
{ "pid": 1, "tid": 1, "ts": 7712491.2109375, "dur": 2267.69995689392, "ph": "X", "name": "Convert", "args": { "durationMS": 2.26769995689392, "detail": "UnityEngine.JSONSerializeModule" } },
{ "pid": 1, "tid": 1, "ts": 7712493.65234375, "dur": 2265.39993286133, "ph": "X", "name": "Code", "args": { "durationMS": 2.26539993286133, "detail": "" } },
{ "pid": 1, "tid": 1, "ts": 7712497.0703125, "dur": 2261.60001754761, "ph": "X", "name": "Methods", "args": { "durationMS": 2.26160001754761, "detail": "Definitions" } },
{ "pid": 1, "tid": 1, "ts": 7720562.5, "dur": 27685.6002807617, "ph": "X", "name": "Convert", "args": { "durationMS": 27.6856002807617, "detail": "UnityEngine.TextCoreModule" } },
{ "pid": 1, "tid": 1, "ts": 7720564.94140625, "dur": 27683.3992004395, "ph": "X", "name": "Code", "args": { "durationMS": 27.6833992004395, "detail": "" } },
{ "pid": 1, "tid": 1, "ts": 7720570.80078125, "dur": 27676.1989593506, "ph": "X", "name": "Methods", "args": { "durationMS": 27.6761989593506, "detail": "Definitions" } },
{ "pid": 1, "tid": 1, "ts": 7754843.75, "dur": 618836.364746094, "ph": "X", "name": "Convert", "args": { "durationMS": 618.836364746094, "detail": "UnityEngine.UI" } },
{ "pid": 1, "tid": 1, "ts": 7754846.19140625, "dur": 618833.49609375, "ph": "X", "name": "Code", "args": { "durationMS": 618.83349609375, "detail": "" } },
{ "pid": 1, "tid": 1, "ts": 7754915.0390625, "dur": 618764.587402344, "ph": "X", "name": "Methods", "args": { "durationMS": 618.764587402344, "detail": "Definitions" } },
{ "pid": 1, "tid": 1, "ts": 8379701.171875, "dur": 40461.6012573242, "ph": "X", "name": "Convert", "args": { "durationMS": 40.4616012573242, "detail": "UnityEngine.UnityWebRequestModule" } },
{ "pid": 1, "tid": 1, "ts": 8379704.1015625, "dur": 40459.4993591309, "ph": "X", "name": "Code", "args": { "durationMS": 40.4594993591309, "detail": "" } },
{ "pid": 1, "tid": 1, "ts": 8379710.9375, "dur": 40452.4002075195, "ph": "X", "name": "Methods", "args": { "durationMS": 40.4524002075195, "detail": "Definitions" } },
{ "pid": 1, "tid": 1, "ts": 8425857.421875, "dur": 45325.4013061523, "ph": "X", "name": "Convert", "args": { "durationMS": 45.3254013061523, "detail": "UnityEngine.XRModule" } },
{ "pid": 1, "tid": 1, "ts": 8425860.3515625, "dur": 45322.7005004883, "ph": "X", "name": "Code", "args": { "durationMS": 45.3227005004883, "detail": "" } },
{ "pid": 1, "tid": 1, "ts": 8425884.765625, "dur": 45297.2984313965, "ph": "X", "name": "Methods", "args": { "durationMS": 45.2972984313965, "detail": "Definitions" } },
{ "pid": 1, "tid": 1, "ts": 8477077.1484375, "dur": 57595.5009460449, "ph": "X", "name": "Convert", "args": { "durationMS": 57.5955009460449, "detail": "I18N" } },
{ "pid": 1, "tid": 1, "ts": 8477079.1015625, "dur": 57593.1015014648, "ph": "X", "name": "Code", "args": { "durationMS": 57.5931015014648, "detail": "" } },
{ "pid": 1, "tid": 1, "ts": 8477086.9140625, "dur": 57585.4034423828, "ph": "X", "name": "Methods", "args": { "durationMS": 57.5854034423828, "detail": "Definitions" } },
{ "pid": 1, "tid": 1, "ts": 8540801.7578125, "dur": 980272.338867188, "ph": "X", "name": "Convert", "args": { "durationMS": 980.272338867188, "detail": "Unity.TextMeshPro" } },
{ "pid": 1, "tid": 1, "ts": 8540805.6640625, "dur": 980268.737792969, "ph": "X", "name": "Code", "args": { "durationMS": 980.268737792969, "detail": "" } },
{ "pid": 1, "tid": 1, "ts": 8540859.375, "dur": 980214.294433594, "ph": "X", "name": "Methods", "args": { "durationMS": 980.214294433594, "detail": "Definitions" } },
{ "pid": 1, "tid": 1, "ts": 9527002.9296875, "dur": 2104.89988327026, "ph": "X", "name": "Convert", "args": { "durationMS": 2.10489988327026, "detail": "UnityEngine.AIModule" } },
{ "pid": 1, "tid": 1, "ts": 9527014.6484375, "dur": 2092.09990501404, "ph": "X", "name": "Code", "args": { "durationMS": 2.09209990501404, "detail": "" } },
{ "pid": 1, "tid": 1, "ts": 9527019.53125, "dur": 2087.30006217957, "ph": "X", "name": "Methods", "args": { "durationMS": 2.08730006217957, "detail": "Definitions" } },
{ "pid": 1, "tid": 1, "ts": 9535581.0546875, "dur": 55898.2009887695, "ph": "X", "name": "Convert", "args": { "durationMS": 55.8982009887695, "detail": "UnityEngine.AndroidJNIModule" } },
{ "pid": 1, "tid": 1, "ts": 9535583.984375, "dur": 55895.3018188477, "ph": "X", "name": "Code", "args": { "durationMS": 55.8953018188477, "detail": "" } },
{ "pid": 1, "tid": 1, "ts": 9535592.7734375, "dur": 55886.1999511719, "ph": "X", "name": "Methods", "args": { "durationMS": 55.8861999511719, "detail": "Definitions" } },
{ "pid": 1, "tid": 1, "ts": 9597141.6015625, "dur": 4098.59991073608, "ph": "X", "name": "Convert", "args": { "durationMS": 4.09859991073608, "detail": "UnityEngine.AssetBundleModule" } },
{ "pid": 1, "tid": 1, "ts": 9597144.53125, "dur": 4095.79992294312, "ph": "X", "name": "Code", "args": { "durationMS": 4.09579992294312, "detail": "" } },
{ "pid": 1, "tid": 1, "ts": 9597149.4140625, "dur": 4091.10021591187, "ph": "X", "name": "Methods", "args": { "durationMS": 4.09110021591187, "detail": "Definitions" } },
{ "pid": 1, "tid": 1, "ts": 9607823.2421875, "dur": 2138.00001144409, "ph": "X", "name": "Convert", "args": { "durationMS": 2.13800001144409, "detail": "UnityEngine.DirectorModule" } },
{ "pid": 1, "tid": 1, "ts": 9607826.171875, "dur": 2135.0998878479, "ph": "X", "name": "Code", "args": { "durationMS": 2.1350998878479, "detail": "" } },
{ "pid": 1, "tid": 1, "ts": 9607831.0546875, "dur": 2130.70011138916, "ph": "X", "name": "Methods", "args": { "durationMS": 2.13070011138916, "detail": "Definitions" } },
{ "pid": 1, "tid": 1, "ts": 9616229.4921875, "dur": 4421.89979553223, "ph": "X", "name": "Convert", "args": { "durationMS": 4.42189979553223, "detail": "UnityEngine.InputModule" } },
{ "pid": 1, "tid": 1, "ts": 9616230.46875, "dur": 4419.00014877319, "ph": "X", "name": "Code", "args": { "durationMS": 4.41900014877319, "detail": "" } },
{ "pid": 1, "tid": 1, "ts": 9616236.328125, "dur": 4413.79976272583, "ph": "X", "name": "Methods", "args": { "durationMS": 4.41379976272583, "detail": "Definitions" } },
{ "pid": 1, "tid": 1, "ts": 9626811.5234375, "dur": 8032.99999237061, "ph": "X", "name": "Convert", "args": { "durationMS": 8.03299999237061, "detail": "UnityEngine.ParticleSystemModule" } },
{ "pid": 1, "tid": 1, "ts": 9626814.453125, "dur": 8029.70027923584, "ph": "X", "name": "Code", "args": { "durationMS": 8.02970027923584, "detail": "" } },
{ "pid": 1, "tid": 1, "ts": 9626820.3125, "dur": 8024.20043945313, "ph": "X", "name": "Methods", "args": { "durationMS": 8.02420043945313, "detail": "Definitions" } },
{ "pid": 1, "tid": 1, "ts": 9640960.9375, "dur": 19589.6987915039, "ph": "X", "name": "Convert", "args": { "durationMS": 19.5896987915039, "detail": "UnityEngine.TerrainModule" } },
{ "pid": 1, "tid": 1, "ts": 9640962.890625, "dur": 19586.7004394531, "ph": "X", "name": "Code", "args": { "durationMS": 19.5867004394531, "detail": "" } },
{ "pid": 1, "tid": 1, "ts": 9640972.65625, "dur": 19577.1999359131, "ph": "X", "name": "Methods", "args": { "durationMS": 19.5771999359131, "detail": "Definitions" } },
{ "pid": 1, "tid": 1, "ts": 9666717.7734375, "dur": 7017.39978790283, "ph": "X", "name": "Convert", "args": { "durationMS": 7.01739978790283, "detail": "UnityEngine.TilemapModule" } },
{ "pid": 1, "tid": 1, "ts": 9666720.703125, "dur": 7014.5001411438, "ph": "X", "name": "Code", "args": { "durationMS": 7.0145001411438, "detail": "" } },
{ "pid": 1, "tid": 1, "ts": 9666727.5390625, "dur": 7007.90023803711, "ph": "X", "name": "Methods", "args": { "durationMS": 7.00790023803711, "detail": "Definitions" } },
{ "pid": 1, "tid": 1, "ts": 9680393.5546875, "dur": 5719.20013427734, "ph": "X", "name": "Convert", "args": { "durationMS": 5.71920013427734, "detail": "UnityEngine.UIElementsModule" } },
{ "pid": 1, "tid": 1, "ts": 9680397.4609375, "dur": 5716.30001068115, "ph": "X", "name": "Code", "args": { "durationMS": 5.71630001068115, "detail": "" } },
{ "pid": 1, "tid": 1, "ts": 9680403.3203125, "dur": 5710.00003814697, "ph": "X", "name": "Methods", "args": { "durationMS": 5.71000003814697, "detail": "Definitions" } },
{ "pid": 1, "tid": 1, "ts": 9692329.1015625, "dur": 78435.6002807617, "ph": "X", "name": "Convert", "args": { "durationMS": 78.4356002807617, "detail": "UnityEngine.UNETModule" } },
{ "pid": 1, "tid": 1, "ts": 9692332.03125, "dur": 78432.3959350586, "ph": "X", "name": "Code", "args": { "durationMS": 78.4323959350586, "detail": "" } },
{ "pid": 1, "tid": 1, "ts": 9692351.5625, "dur": 78412.4984741211, "ph": "X", "name": "Methods", "args": { "durationMS": 78.4124984741211, "detail": "Definitions" } },
{ "pid": 1, "tid": 1, "ts": 9777086.9140625, "dur": 5805.90009689331, "ph": "X", "name": "Convert", "args": { "durationMS": 5.80590009689331, "detail": "UnityEngine.UnityAnalyticsModule" } },
{ "pid": 1, "tid": 1, "ts": 9777089.84375, "dur": 5803.19976806641, "ph": "X", "name": "Code", "args": { "durationMS": 5.80319976806641, "detail": "" } },
{ "pid": 1, "tid": 1, "ts": 9777097.65625, "dur": 5795.70007324219, "ph": "X", "name": "Methods", "args": { "durationMS": 5.79570007324219, "detail": "Definitions" } },
{ "pid": 1, "tid": 1, "ts": 9790012.6953125, "dur": 4903.69987487793, "ph": "X", "name": "Convert", "args": { "durationMS": 4.90369987487793, "detail": "UnityEngine.VFXModule" } },
{ "pid": 1, "tid": 1, "ts": 9790014.6484375, "dur": 4901.10015869141, "ph": "X", "name": "Code", "args": { "durationMS": 4.90110015869141, "detail": "" } },
{ "pid": 1, "tid": 1, "ts": 9790024.4140625, "dur": 4892.60005950928, "ph": "X", "name": "Methods", "args": { "durationMS": 4.89260005950928, "detail": "Definitions" } },
{ "pid": 1, "tid": 1, "ts": 9801279.296875, "dur": 50096.4012145996, "ph": "X", "name": "Convert", "args": { "durationMS": 50.0964012145996, "detail": "UnityEngine.VRModule" } },
{ "pid": 1, "tid": 1, "ts": 9801281.25, "dur": 50094.0017700195, "ph": "X", "name": "Code", "args": { "durationMS": 50.0940017700195, "detail": "" } },
{ "pid": 1, "tid": 1, "ts": 9801310.546875, "dur": 50064.3005371094, "ph": "X", "name": "Methods", "args": { "durationMS": 50.0643005371094, "detail": "Definitions" } },
{ "pid": 1, "tid": 1, "ts": 9857588.8671875, "dur": 7521.399974823, "ph": "X", "name": "Convert", "args": { "durationMS": 7.521399974823, "detail": "UnityEngine.VideoModule" } },
{ "pid": 1, "tid": 1, "ts": 9857589.84375, "dur": 7519.19984817505, "ph": "X", "name": "Code", "args": { "durationMS": 7.51919984817505, "detail": "" } },
{ "pid": 1, "tid": 1, "ts": 9857598.6328125, "dur": 7511.19995117188, "ph": "X", "name": "Methods", "args": { "durationMS": 7.51119995117188, "detail": "Definitions" } },
{ "pid": 1, "tid": 1, "ts": 9870752.9296875, "dur": 55665.901184082, "ph": "X", "name": "Convert", "args": { "durationMS": 55.665901184082, "detail": "I18N.CJK" } },
{ "pid": 1, "tid": 1, "ts": 9870755.859375, "dur": 55663.7001037598, "ph": "X", "name": "Code", "args": { "durationMS": 55.6637001037598, "detail": "" } },
{ "pid": 1, "tid": 1, "ts": 9870770.5078125, "dur": 55647.6020812988, "ph": "X", "name": "Methods", "args": { "durationMS": 55.6476020812988, "detail": "Definitions" } },
{ "pid": 1, "tid": 1, "ts": 9933032.2265625, "dur": 22566.4005279541, "ph": "X", "name": "Convert", "args": { "durationMS": 22.5664005279541, "detail": "I18N.MidEast" } },
{ "pid": 1, "tid": 1, "ts": 9933035.15625, "dur": 22563.6005401611, "ph": "X", "name": "Code", "args": { "durationMS": 22.5636005401611, "detail": "" } },
{ "pid": 1, "tid": 1, "ts": 9933042.96875, "dur": 22555.6983947754, "ph": "X", "name": "Methods", "args": { "durationMS": 22.5556983947754, "detail": "Definitions" } },
{ "pid": 1, "tid": 1, "ts": 9961437.5, "dur": 30440.7997131348, "ph": "X", "name": "Convert", "args": { "durationMS": 30.4407997131348, "detail": "I18N.Other" } },
{ "pid": 1, "tid": 1, "ts": 9961440.4296875, "dur": 30438.0989074707, "ph": "X", "name": "Code", "args": { "durationMS": 30.4380989074707, "detail": "" } },
{ "pid": 1, "tid": 1, "ts": 9961455.078125, "dur": 30423.2006072998, "ph": "X", "name": "Methods", "args": { "durationMS": 30.4232006072998, "detail": "Definitions" } },
{ "pid": 1, "tid": 1, "ts": 9997583.0078125, "dur": 220020.5078125, "ph": "X", "name": "Convert", "args": { "durationMS": 220.0205078125, "detail": "I18N.Rare" } },
{ "pid": 1, "tid": 1, "ts": 9997585.9375, "dur": 220017.89855957, "ph": "X", "name": "Code", "args": { "durationMS": 220.01789855957, "detail": "" } },
{ "pid": 1, "tid": 1, "ts": 9997618.1640625, "dur": 219985.107421875, "ph": "X", "name": "Methods", "args": { "durationMS": 219.985107421875, "detail": "Definitions" } },
{ "pid": 1, "tid": 1, "ts": 10223734.375, "dur": 68731.803894043, "ph": "X", "name": "Convert", "args": { "durationMS": 68.731803894043, "detail": "I18N.West" } },
{ "pid": 1, "tid": 1, "ts": 10223735.3515625, "dur": 68729.5989990234, "ph": "X", "name": "Code", "args": { "durationMS": 68.7295989990234, "detail": "" } },
{ "pid": 1, "tid": 1, "ts": 10223749.0234375, "dur": 68716.2017822266, "ph": "X", "name": "Methods", "args": { "durationMS": 68.7162017822266, "detail": "Definitions" } },
{ "pid": 1, "tid": 1, "ts": 10298564.453125, "dur": 1245.90003490448, "ph": "X", "name": "Convert", "args": { "durationMS": 1.24590003490448, "detail": "UnityEngine" } },
{ "pid": 1, "tid": 1, "ts": 10298568.359375, "dur": 1242.90001392365, "ph": "X", "name": "Code", "args": { "durationMS": 1.24290001392365, "detail": "" } },
{ "pid": 1, "tid": 1, "ts": 10298572.265625, "dur": 1238.80004882813, "ph": "X", "name": "Methods", "args": { "durationMS": 1.23880004882813, "detail": "Definitions" } },
{ "pid": 1, "tid": 1, "ts": 10305493.1640625, "dur": 596373.840332031, "ph": "X", "name": "Convert", "args": { "durationMS": 596.373840332031, "detail": "com.unity.multiplayer-hlapi.Runtime" } },
{ "pid": 1, "tid": 1, "ts": 10305496.09375, "dur": 596370.666503906, "ph": "X", "name": "Code", "args": { "durationMS": 596.370666503906, "detail": "" } },
{ "pid": 1, "tid": 1, "ts": 10305527.34375, "dur": 596338.37890625, "ph": "X", "name": "Methods", "args": { "durationMS": 596.33837890625, "detail": "Definitions" } },
{ "pid": 1, "tid": 1, "ts": 10907585.9375, "dur": 207666.091918945, "ph": "X", "name": "Convert", "args": { "durationMS": 207.666091918945, "detail": "Assembly-CSharp" } },
{ "pid": 1, "tid": 1, "ts": 10907587.890625, "dur": 207663.208007813, "ph": "X", "name": "Code", "args": { "durationMS": 207.663208007813, "detail": "" } },
{ "pid": 1, "tid": 1, "ts": 10907618.1640625, "dur": 207633.102416992, "ph": "X", "name": "Methods", "args": { "durationMS": 207.633102416992, "detail": "Definitions" } },
{ "pid": 1, "tid": 1, "ts": 11115265.625, "dur": 4920991.2109375, "ph": "X", "name": "WriteGenerics", "args": { "durationMS": 4920.9912109375, "detail": "" } },
{ "pid": 1, "tid": 1, "ts": 11123718.75, "dur": 25592.399597168, "ph": "X", "name": "Arrays Definitions", "args": { "durationMS": 25.592399597168, "detail": "" } },
{ "pid": 1, "tid": 1, "ts": 11149791.015625, "dur": 961224.304199219, "ph": "X", "name": "GenericInstanceMethods", "args": { "durationMS": 961.224304199219, "detail": "" } },
{ "pid": 1, "tid": 1, "ts": 12111015.625, "dur": 3520300.29296875, "ph": "X", "name": "GenericInstanceTypes", "args": { "durationMS": 3520.30029296875, "detail": "" } },
{ "pid": 1, "tid": 1, "ts": 15631687.5, "dur": 404563.903808594, "ph": "X", "name": "GenericComDefinitions", "args": { "durationMS": 404.563903808594, "detail": "" } },
{ "pid": 1, "tid": 1, "ts": 16045881.8359375, "dur": 363968.200683594, "ph": "X", "name": "MetadataCollector", "args": { "durationMS": 363.968200683594, "detail": "" } },
{ "pid": 1, "tid": 1, "ts": 16048116.2109375, "dur": 24522.4990844727, "ph": "X", "name": "UpdateEmptyTokens", "args": { "durationMS": 24.5224990844727, "detail": "" } },
{ "pid": 1, "tid": 1, "ts": 16075523.4375, "dur": 13944.8003768921, "ph": "X", "name": "ValidateTokens", "args": { "durationMS": 13.9448003768921, "detail": "" } },
{ "pid": 1, "tid": 1, "ts": 16410179.6875, "dur": 2025.19989013672, "ph": "X", "name": "Write COM Callable Wrappers", "args": { "durationMS": 2.02519989013672, "detail": "" } },
{ "pid": 1, "tid": 1, "ts": 16411802.734375, "dur": 403.200000524521, "ph": "X", "name": "Collect implemented projected interfaces by COM Callable Wrappers", "args": { "durationMS": 0.403200000524521, "detail": "" } },
{ "pid": 1, "tid": 1, "ts": 16412207.03125, "dur": 2754695.55664063, "ph": "X", "name": "Metadata", "args": { "durationMS": 2754.69555664063, "detail": "Global" } },
{ "pid": 1, "tid": 1, "ts": 16470226.5625, "dur": 494146.606445313, "ph": "X", "name": "Attributes", "args": { "durationMS": 494.146606445313, "detail": "" } },
{ "pid": 1, "tid": 1, "ts": 17149900.390625, "dur": 438355.194091797, "ph": "X", "name": "WriteCodeRegistration", "args": { "durationMS": 438.355194091797, "detail": "" } },
{ "pid": 1, "tid": 1, "ts": 17206986.328125, "dur": 5425.30012130737, "ph": "X", "name": "GenericContextCollector", "args": { "durationMS": 5.42530012130737, "detail": "Collect" } },
{ "pid": 1, "tid": 1, "ts": 17244962.890625, "dur": 362.69998550415, "ph": "X", "name": "GenericContextCollector", "args": { "durationMS": 0.36269998550415, "detail": "Collect" } },
{ "pid": 1, "tid": 1, "ts": 17329458.984375, "dur": 4304.69989776611, "ph": "X", "name": "ReversePInvokerWrapperTable", "args": { "durationMS": 4.30469989776611, "detail": "Il2CppReversePInvokeWrapperTable.cpp" } },
{ "pid": 1, "tid": 1, "ts": 17334148.4375, "dur": 160532.302856445, "ph": "X", "name": "GenericMethodPointerTable", "args": { "durationMS": 160.532302856445, "detail": "Il2CppGenericMethodPointerTable.cpp" } },
{ "pid": 1, "tid": 1, "ts": 17495013.671875, "dur": 75557.1975708008, "ph": "X", "name": "InvokerTable", "args": { "durationMS": 75.5571975708008, "detail": "Il2CppInvokerTable.cpp" } },
{ "pid": 1, "tid": 1, "ts": 17571783.203125, "dur": 10778.8000106812, "ph": "X", "name": "InteropDataTable", "args": { "durationMS": 10.7788000106812, "detail": "Il2CppInteropDataTable.cpp" } },
{ "pid": 1, "tid": 1, "ts": 17588255.859375, "dur": 1578646.484375, "ph": "X", "name": "WriteMetadata", "args": { "durationMS": 1578.646484375, "detail": "" } },
{ "pid": 1, "tid": 1, "ts": 17735398.4375, "dur": 7017.89999008179, "ph": "X", "name": "Metadata", "args": { "durationMS": 7.01789999008179, "detail": "Collect string literals" } },
{ "pid": 1, "tid": 1, "ts": 17880376.953125, "dur": 137320.602416992, "ph": "X", "name": "GenericClasses", "args": { "durationMS": 137.320602416992, "detail": "" } },
{ "pid": 1, "tid": 1, "ts": 18017699.21875, "dur": 167079.299926758, "ph": "X", "name": "GenericInst2", "args": { "durationMS": 167.079299926758, "detail": "" } },
{ "pid": 1, "tid": 1, "ts": 18184779.296875, "dur": 393493.713378906, "ph": "X", "name": "GenericMethods", "args": { "durationMS": 393.493713378906, "detail": "" } },
{ "pid": 1, "tid": 1, "ts": 18578273.4375, "dur": 162840.301513672, "ph": "X", "name": "Il2CppTypes", "args": { "durationMS": 162.840301513672, "detail": "" } },
{ "pid": 1, "tid": 1, "ts": 18741113.28125, "dur": 63178.1997680664, "ph": "X", "name": "GenericMethods", "args": { "durationMS": 63.1781997680664, "detail": "" } },
{ "pid": 1, "tid": 1, "ts": 18804292.96875, "dur": 158350.692749023, "ph": "X", "name": "CompilerCalculateTypeValues", "args": { "durationMS": 158.350692749023, "detail": "" } },
{ "pid": 1, "tid": 1, "ts": 18962642.578125, "dur": 3550.49991607666, "ph": "X", "name": "Registration", "args": { "durationMS": 3.55049991607666, "detail": "" } },
{ "pid": 1, "tid": 1, "ts": 18966804.6875, "dur": 6123.30007553101, "ph": "X", "name": "StringLiteralWriter", "args": { "durationMS": 6.12330007553101, "detail": "" } },
{ "pid": 1, "tid": 1, "ts": 18973150.390625, "dur": 1512.69996166229, "ph": "X", "name": "Metadata Strings", "args": { "durationMS": 1.51269996166229, "detail": "" } },
{ "pid": 1, "tid": 1, "ts": 18974664.0625, "dur": 2361.7000579834, "ph": "X", "name": "Events", "args": { "durationMS": 2.3617000579834, "detail": "" } },
{ "pid": 1, "tid": 1, "ts": 18977025.390625, "dur": 6028.10001373291, "ph": "X", "name": "Properties", "args": { "durationMS": 6.02810001373291, "detail": "" } },
{ "pid": 1, "tid": 1, "ts": 18983054.6875, "dur": 61906.3987731934, "ph": "X", "name": "Methods", "args": { "durationMS": 61.9063987731934, "detail": "" } },
{ "pid": 1, "tid": 1, "ts": 19044960.9375, "dur": 1048.20001125336, "ph": "X", "name": "Parameter Default Values", "args": { "durationMS": 1.04820001125336, "detail": "" } },
{ "pid": 1, "tid": 1, "ts": 19046009.765625, "dur": 6125.10013580322, "ph": "X", "name": "Field Default Values", "args": { "durationMS": 6.12510013580322, "detail": "" } },
{ "pid": 1, "tid": 1, "ts": 19052136.71875, "dur": 639.19997215271, "ph": "X", "name": "Field and Parameter Default Values Data", "args": { "durationMS": 0.63919997215271, "detail": "" } },
{ "pid": 1, "tid": 1, "ts": 19052777.34375, "dur": 992.399990558624, "ph": "X", "name": "Field Marshaled Sizes", "args": { "durationMS": 0.992399990558624, "detail": "" } },
{ "pid": 1, "tid": 1, "ts": 19053767.578125, "dur": 23496.7994689941, "ph": "X", "name": "Parameters", "args": { "durationMS": 23.4967994689941, "detail": "" } },
{ "pid": 1, "tid": 1, "ts": 19077265.625, "dur": 9338.50002288818, "ph": "X", "name": "Fields", "args": { "durationMS": 9.33850002288818, "detail": "" } },
{ "pid": 1, "tid": 1, "ts": 19086605.46875, "dur": 1533.90002250671, "ph": "X", "name": "Generic Parameters", "args": { "durationMS": 1.53390002250671, "detail": "" } },
{ "pid": 1, "tid": 1, "ts": 19088140.625, "dur": 426.20000243187, "ph": "X", "name": "Generic Parameter Constraints", "args": { "durationMS": 0.42620000243187, "detail": "" } },
{ "pid": 1, "tid": 1, "ts": 19088564.453125, "dur": 1776.99995040894, "ph": "X", "name": "Generic Containers", "args": { "durationMS": 1.77699995040894, "detail": "" } },
{ "pid": 1, "tid": 1, "ts": 19090341.796875, "dur": 402.300000190735, "ph": "X", "name": "Nested Types", "args": { "durationMS": 0.402300000190735, "detail": "" } },
{ "pid": 1, "tid": 1, "ts": 19090744.140625, "dur": 392.300009727478, "ph": "X", "name": "Interfaces", "args": { "durationMS": 0.392300009727478, "detail": "" } },
{ "pid": 1, "tid": 1, "ts": 19091138.671875, "dur": 1456.79998397827, "ph": "X", "name": "VTables", "args": { "durationMS": 1.45679998397827, "detail": "" } },
{ "pid": 1, "tid": 1, "ts": 19092593.75, "dur": 937.399983406067, "ph": "X", "name": "Interface Offsets", "args": { "durationMS": 0.937399983406067, "detail": "" } },
{ "pid": 1, "tid": 1, "ts": 19093533.203125, "dur": 43675.3997802734, "ph": "X", "name": "Type Definitions", "args": { "durationMS": 43.6753997802734, "detail": "" } },
{ "pid": 1, "tid": 1, "ts": 19137208.984375, "dur": 3828.90009880066, "ph": "X", "name": "Images", "args": { "durationMS": 3.82890009880066, "detail": "" } },
{ "pid": 1, "tid": 1, "ts": 19141039.0625, "dur": 1982.20002651215, "ph": "X", "name": "Assemblies", "args": { "durationMS": 1.98220002651215, "detail": "" } },
{ "pid": 1, "tid": 1, "ts": 19143021.484375, "dur": 954.100012779236, "ph": "X", "name": "Metadata Usage Lists", "args": { "durationMS": 0.954100012779236, "detail": "" } },
{ "pid": 1, "tid": 1, "ts": 19143976.5625, "dur": 5074.39994812012, "ph": "X", "name": "Metadata Usage Pairs", "args": { "durationMS": 5.07439994812012, "detail": "" } },
{ "pid": 1, "tid": 1, "ts": 19149050.78125, "dur": 481.200009584427, "ph": "X", "name": "Field Refs", "args": { "durationMS": 0.481200009584427, "detail": "" } },
{ "pid": 1, "tid": 1, "ts": 19149533.203125, "dur": 708.80001783371, "ph": "X", "name": "Referenced Assemblies", "args": { "durationMS": 0.70880001783371, "detail": "" } },
{ "pid": 1, "tid": 1, "ts": 19150242.1875, "dur": 2454.6000957489, "ph": "X", "name": "Attribute Types Ranges", "args": { "durationMS": 2.4546000957489, "detail": "" } },
{ "pid": 1, "tid": 1, "ts": 19152695.3125, "dur": 5769.49977874756, "ph": "X", "name": "Attribute Types", "args": { "durationMS": 5.76949977874756, "detail": "" } },
{ "pid": 1, "tid": 1, "ts": 19158466.796875, "dur": 525.799989700317, "ph": "X", "name": "Unresolved Virtual Call Parameter Types", "args": { "durationMS": 0.525799989700317, "detail": "" } },
{ "pid": 1, "tid": 1, "ts": 19158994.140625, "dur": 1589.49995040894, "ph": "X", "name": "Unresolved Virtual Call Parameter Ranges", "args": { "durationMS": 1.58949995040894, "detail": "" } },
{ "pid": 1, "tid": 1, "ts": 19160583.984375, "dur": 913.900017738342, "ph": "X", "name": "Windows Runtime type names", "args": { "durationMS": 0.913900017738342, "detail": "" } },
{ "pid": 1, "tid": 1, "ts": 19161498.046875, "dur": 2694.60010528564, "ph": "X", "name": "Exported Types", "args": { "durationMS": 2.69460010528564, "detail": "" } },
{ "pid": 1, "tid": 1, "ts": 19179488.28125, "dur": 1811449.21875, "ph": "X", "name": "Build", "args": { "durationMS": 1811.44921875, "detail": "" } },
{ "pid": 1, "tid": 1, "ts": 19212552.734375, "dur": 1777390.38085938, "ph": "X", "name": "BuildBinary", "args": { "durationMS": 1777.39038085938, "detail": "" } },
{ "pid": 1, "tid": 1, "ts": 19212837.890625, "dur": 4208.79983901978, "ph": "X", "name": "ToolChain OnBeforeCompile Build", "args": { "durationMS": 4.20879983901978, "detail": "" } },
{ "pid": 1, "tid": 1, "ts": 19217046.875, "dur": 106515.396118164, "ph": "X", "name": "FindFilesToCompile", "args": { "durationMS": 106.515396118164, "detail": "" } },
{ "pid": 1, "tid": 1, "ts": 19323562.5, "dur": 1055334.47265625, "ph": "X", "name": "Calculate header hashes", "args": { "durationMS": 1055.33447265625, "detail": "" } },
{ "pid": 1, "tid": 1, "ts": 19325828.125, "dur": 57015.0985717773, "ph": "X", "name": "HashOfAllFilesWithProviderExtensionInDirectory", "args": { "durationMS": 57.0150985717773, "detail": "C:\\Program Files\\Unity Editor\\2019.2.9f1\\Editor\\Data\\il2cpp\\libil2cpp" } },
{ "pid": 1, "tid": 1, "ts": 19383062.5, "dur": 5902.59981155396, "ph": "X", "name": "HashOfAllFilesWithProviderExtensionInDirectory", "args": { "durationMS": 5.90259981155396, "detail": "C:\\Program Files\\Unity Editor\\2019.2.9f1\\Editor\\Data\\il2cpp\\external\\bdwgc\\include" } },
{ "pid": 1, "tid": 1, "ts": 19389011.71875, "dur": 901.700019836426, "ph": "X", "name": "HashOfAllFilesWithProviderExtensionInDirectory", "args": { "durationMS": 0.901700019836426, "detail": "C:\\Program Files\\Unity Editor\\2019.2.9f1\\Editor\\Data\\il2cpp\\external\\xxHash" } },
{ "pid": 1, "tid": 1, "ts": 19389966.796875, "dur": 3434.9000453949, "ph": "X", "name": "HashOfAllFilesWithProviderExtensionInDirectory", "args": { "durationMS": 3.4349000453949, "detail": "C:\\Users\\shane\\Downloads\\GrizzlyDefenseBuild12\\GrizzlyDefenseBuild12\\GrizzlyDefenseBuild12\\Temp\\StagingArea\\Data\\il2cppOutput" } },
{ "pid": 1, "tid": 1, "ts": 19395265.625, "dur": 33256.9007873535, "ph": "X", "name": "HashOfAllFilesWithProviderExtensionInDirectory", "args": { "durationMS": 33.2569007873535, "detail": "C:\\Program Files (x86)\\Microsoft Visual Studio\\2019\\Community\\VC\\Tools\\MSVC\\14.28.29333\\include" } },
{ "pid": 1, "tid": 1, "ts": 19428619.140625, "dur": 47478.099822998, "ph": "X", "name": "HashOfAllFilesWithProviderExtensionInDirectory", "args": { "durationMS": 47.478099822998, "detail": "C:\\Program Files (x86)\\Windows Kits\\10\\Include\\10.0.18362.0\\shared" } },
{ "pid": 1, "tid": 1, "ts": 19476158.203125, "dur": 392215.301513672, "ph": "X", "name": "HashOfAllFilesWithProviderExtensionInDirectory", "args": { "durationMS": 392.215301513672, "detail": "C:\\Program Files (x86)\\Windows Kits\\10\\Include\\10.0.18362.0\\um" } },
{ "pid": 1, "tid": 1, "ts": 19868433.59375, "dur": 394969.024658203, "ph": "X", "name": "HashOfAllFilesWithProviderExtensionInDirectory", "args": { "durationMS": 394.969024658203, "detail": "C:\\Program Files (x86)\\Windows Kits\\10\\Include\\10.0.18362.0\\winrt" } },
{ "pid": 1, "tid": 1, "ts": 20263464.84375, "dur": 7765.99979400635, "ph": "X", "name": "HashOfAllFilesWithProviderExtensionInDirectory", "args": { "durationMS": 7.76599979400635, "detail": "C:\\Program Files (x86)\\Windows Kits\\10\\Include\\10.0.18362.0\\ucrt" } },
{ "pid": 1, "tid": 1, "ts": 20354261.71875, "dur": 12919.6996688843, "ph": "X", "name": "HashOfAllFilesWithProviderExtensionInDirectory", "args": { "durationMS": 12.9196996688843, "detail": "C:\\Program Files\\Unity Editor\\2019.2.9f1\\Editor\\Data\\il2cpp\\external\\bdwgc\\libatomic_ops\\src" } },
{ "pid": 1, "tid": 1, "ts": 20378898.4375, "dur": 72674.8962402344, "ph": "X", "name": "Calculate lumped hashes", "args": { "durationMS": 72.6748962402344, "detail": "" } },
{ "pid": 1, "tid": 1, "ts": 20379808.59375, "dur": 588.99998664856, "ph": "X", "name": "HashOfAllFilesWithProviderExtensionInDirectory", "args": { "durationMS": 0.58899998664856, "detail": "C:\\Program Files\\Unity Editor\\2019.2.9f1\\Editor\\Data\\il2cpp\\libil2cpp\\codegen" } },
{ "pid": 1, "tid": 1, "ts": 20380441.40625, "dur": 505.200028419495, "ph": "X", "name": "HashOfAllFilesWithProviderExtensionInDirectory", "args": { "durationMS": 0.505200028419495, "detail": "C:\\Program Files\\Unity Editor\\2019.2.9f1\\Editor\\Data\\il2cpp\\libil2cpp\\debugger" } },
{ "pid": 1, "tid": 1, "ts": 20381000, "dur": 923.500001430511, "ph": "X", "name": "HashOfAllFilesWithProviderExtensionInDirectory", "args": { "durationMS": 0.923500001430511, "detail": "C:\\Program Files\\Unity Editor\\2019.2.9f1\\Editor\\Data\\il2cpp\\libil2cpp\\gc" } },
{ "pid": 1, "tid": 1, "ts": 20381966.796875, "dur": 21369.2989349365, "ph": "X", "name": "HashOfAllFilesWithProviderExtensionInDirectory", "args": { "durationMS": 21.3692989349365, "detail": "C:\\Program Files\\Unity Editor\\2019.2.9f1\\Editor\\Data\\il2cpp\\libil2cpp\\icalls" } },
{ "pid": 1, "tid": 1, "ts": 20403386.71875, "dur": 2525.89988708496, "ph": "X", "name": "HashOfAllFilesWithProviderExtensionInDirectory", "args": { "durationMS": 2.52589988708496, "detail": "C:\\Program Files\\Unity Editor\\2019.2.9f1\\Editor\\Data\\il2cpp\\libil2cpp\\metadata" } },
{ "pid": 1, "tid": 1, "ts": 20405958.984375, "dur": 1108.29997062683, "ph": "X", "name": "HashOfAllFilesWithProviderExtensionInDirectory", "args": { "durationMS": 1.10829997062683, "detail": "C:\\Program Files\\Unity Editor\\2019.2.9f1\\Editor\\Data\\il2cpp\\libil2cpp\\mono" } },
{ "pid": 1, "tid": 1, "ts": 20407111.328125, "dur": 555.10002374649, "ph": "X", "name": "HashOfAllFilesWithProviderExtensionInDirectory", "args": { "durationMS": 0.55510002374649, "detail": "C:\\Program Files\\Unity Editor\\2019.2.9f1\\Editor\\Data\\il2cpp\\libil2cpp\\mono-runtime" } },
{ "pid": 1, "tid": 1, "ts": 20407707.03125, "dur": 21468.3990478516, "ph": "X", "name": "HashOfAllFilesWithProviderExtensionInDirectory", "args": { "durationMS": 21.4683990478516, "detail": "C:\\Program Files\\Unity Editor\\2019.2.9f1\\Editor\\Data\\il2cpp\\libil2cpp\\os" } },
{ "pid": 1, "tid": 1, "ts": 20429228.515625, "dur": 2422.10006713867, "ph": "X", "name": "HashOfAllFilesWithProviderExtensionInDirectory", "args": { "durationMS": 2.42210006713867, "detail": "C:\\Program Files\\Unity Editor\\2019.2.9f1\\Editor\\Data\\il2cpp\\libil2cpp\\utils" } },
{ "pid": 1, "tid": 1, "ts": 20431697.265625, "dur": 5709.09976959229, "ph": "X", "name": "HashOfAllFilesWithProviderExtensionInDirectory", "args": { "durationMS": 5.70909976959229, "detail": "C:\\Program Files\\Unity Editor\\2019.2.9f1\\Editor\\Data\\il2cpp\\libil2cpp\\vm" } },
{ "pid": 1, "tid": 1, "ts": 20437451.171875, "dur": 748.099982738495, "ph": "X", "name": "HashOfAllFilesWithProviderExtensionInDirectory", "args": { "durationMS": 0.748099982738495, "detail": "C:\\Program Files\\Unity Editor\\2019.2.9f1\\Editor\\Data\\il2cpp\\libil2cpp\\vm-utils" } },
{ "pid": 1, "tid": 1, "ts": 20438242.1875, "dur": 13322.6003646851, "ph": "X", "name": "HashOfAllFilesWithProviderExtensionInDirectory", "args": { "durationMS": 13.3226003646851, "detail": "C:\\Program Files\\Unity Editor\\2019.2.9f1\\Editor\\Data\\il2cpp\\external\\bdwgc" } },
{ "pid": 1, "tid": 1, "ts": 20451572.265625, "dur": 271845.184326172, "ph": "X", "name": "BuildAllCppFiles", "args": { "durationMS": 271.845184326172, "detail": "" } },
{ "pid": 1, "tid": 1, "ts": 20455328.125, "dur": 268089.691162109, "ph": "X", "name": "Compile", "args": { "durationMS": 268.089691162109, "detail": "" } },
{ "pid": 1, "tid": 1, "ts": 20723417.96875, "dur": 2422.60003089905, "ph": "X", "name": "OnBeforeLink Build", "args": { "durationMS": 2.42260003089905, "detail": "" } },
{ "pid": 1, "tid": 1, "ts": 20723943.359375, "dur": 1897.89998531342, "ph": "X", "name": "ProgramBuildDescription OnBeforeLink Build", "args": { "durationMS": 1.89789998531342, "detail": "" } },
{ "pid": 1, "tid": 1, "ts": 20725841.796875, "dur": 93809.2041015625, "ph": "X", "name": "Postprocess Object Files", "args": { "durationMS": 93.8092041015625, "detail": "" } },
{ "pid": 1, "tid": 1, "ts": 20728296.875, "dur": 91354.2022705078, "ph": "X", "name": "Link", "args": { "durationMS": 91.3542022705078, "detail": "GameAssembly.dll" } },
{ "pid": 1, "tid": 1, "ts": 20819652.34375, "dur": 36542.5987243652, "ph": "X", "name": "ProgramDescription Finalize Build", "args": { "durationMS": 36.5425987243652, "detail": "" } },
{ "pid": 1, "tid": 1, "ts": 20856482.421875, "dur": 133458.404541016, "ph": "X", "name": "Clean IL2CPP Cache", "args": { "durationMS": 133.458404541016, "detail": "" } },
{ "pid": 1, "tid": 4, "ph": "M", "name": "thread_name", "args": { "name": "" } },
{ "pid": 1, "tid": 4, "ts": 20470527.34375, "dur": 52780.4985046387, "ph": "X", "name": "HashCompilerInvocation", "args": { "durationMS": 52.7804985046387, "detail": "Il2CppTypeDefinitions.c" } },
{ "pid": 1, "tid": 4, "ts": 20523351.5625, "dur": 10509.4003677368, "ph": "X", "name": "HashCompilerInvocation", "args": { "durationMS": 10.5094003677368, "detail": "mscorlib4.cpp" } },
{ "pid": 1, "tid": 4, "ts": 20533910.15625, "dur": 8828.49979400635, "ph": "X", "name": "HashCompilerInvocation", "args": { "durationMS": 8.82849979400635, "detail": "mscorlib10.cpp" } },
{ "pid": 1, "tid": 4, "ts": 20542789.0625, "dur": 8976.09996795654, "ph": "X", "name": "HashCompilerInvocation", "args": { "durationMS": 8.97609996795654, "detail": "mscorlib.cpp" } },
{ "pid": 1, "tid": 4, "ts": 20551824.21875, "dur": 8451.00021362305, "ph": "X", "name": "HashCompilerInvocation", "args": { "durationMS": 8.45100021362305, "detail": "Generics2.cpp" } },
{ "pid": 1, "tid": 4, "ts": 20560312.5, "dur": 17427.1011352539, "ph": "X", "name": "HashCompilerInvocation", "args": { "durationMS": 17.4271011352539, "detail": "mscorlib8.cpp" } },
{ "pid": 1, "tid": 4, "ts": 20577777.34375, "dur": 30248.9986419678, "ph": "X", "name": "HashCompilerInvocation", "args": { "durationMS": 30.2489986419678, "detail": "UnityEngine.IMGUIModule.cpp" } },
{ "pid": 1, "tid": 4, "ts": 20608080.078125, "dur": 4018.00012588501, "ph": "X", "name": "HashCompilerInvocation", "args": { "durationMS": 4.01800012588501, "detail": "I18N.Rare1.cpp" } },
{ "pid": 1, "tid": 4, "ts": 20612148.4375, "dur": 4498.30007553101, "ph": "X", "name": "HashCompilerInvocation", "args": { "durationMS": 4.49830007553101, "detail": "UnityEngine.UnityWebRequestModule.cpp" } },
{ "pid": 1, "tid": 4, "ts": 20616689.453125, "dur": 3393.69988441467, "ph": "X", "name": "HashCompilerInvocation", "args": { "durationMS": 3.39369988441467, "detail": "Unity.TextMeshPro_CodeGen.c" } },
{ "pid": 1, "tid": 4, "ts": 20620125, "dur": 13940.7997131348, "ph": "X", "name": "HashCompilerInvocation", "args": { "durationMS": 13.9407997131348, "detail": "I18N.MidEast.cpp" } },
{ "pid": 1, "tid": 4, "ts": 20634107.421875, "dur": 2947.79992103577, "ph": "X", "name": "HashCompilerInvocation", "args": { "durationMS": 2.94779992103577, "detail": "inflate.c" } },
{ "pid": 1, "tid": 4, "ts": 20637095.703125, "dur": 1826.90000534058, "ph": "X", "name": "HashCompilerInvocation", "args": { "durationMS": 1.82690000534058, "detail": "UnityEngine.InputModule.cpp" } },
{ "pid": 1, "tid": 4, "ts": 20638958.984375, "dur": 1949.00000095367, "ph": "X", "name": "HashCompilerInvocation", "args": { "durationMS": 1.94900000095367, "detail": "UnityEngine.XRModule_CodeGen.c" } },
{ "pid": 1, "tid": 4, "ts": 20646925.78125, "dur": 2035.20011901855, "ph": "X", "name": "HashCompilerInvocation", "args": { "durationMS": 2.03520011901855, "detail": "UnityEngine.AssetBundleModule.cpp" } },
{ "pid": 1, "tid": 4, "ts": 20649015.625, "dur": 3842.00000762939, "ph": "X", "name": "HashCompilerInvocation", "args": { "durationMS": 3.84200000762939, "detail": "Lump_libil2cpp_os.cpp" } },
{ "pid": 1, "tid": 4, "ts": 20652894.53125, "dur": 1872.59995937347, "ph": "X", "name": "HashCompilerInvocation", "args": { "durationMS": 1.87259995937347, "detail": "UnityEngine.TerrainModule_CodeGen.c" } },
{ "pid": 1, "tid": 4, "ts": 20654794.921875, "dur": 1804.3999671936, "ph": "X", "name": "HashCompilerInvocation", "args": { "durationMS": 1.8043999671936, "detail": "UnityEngine.InputLegacyModule_CodeGen.c" } },
{ "pid": 1, "tid": 4, "ts": 20656638.671875, "dur": 7637.19987869263, "ph": "X", "name": "HashCompilerInvocation", "args": { "durationMS": 7.63719987869263, "detail": "UnityEngine.VideoModule_CodeGen.c" } },
{ "pid": 1, "tid": 4, "ts": 20664322.265625, "dur": 3756.29997253418, "ph": "X", "name": "HashCompilerInvocation", "args": { "durationMS": 3.75629997253418, "detail": "UnityEngine.VFXModule_CodeGen.c" } },
{ "pid": 1, "tid": 4, "ts": 20668117.1875, "dur": 12081.7003250122, "ph": "X", "name": "HashCompilerInvocation", "args": { "durationMS": 12.0817003250122, "detail": "uncompr.c" } },
{ "pid": 1, "tid": 4, "ts": 20680238.28125, "dur": 15104.7010421753, "ph": "X", "name": "HashCompilerInvocation", "args": { "durationMS": 15.1047010421753, "detail": "Lump_libil2cpp_gc.cpp" } },
{ "pid": 1, "tid": 9, "ph": "M", "name": "thread_name", "args": { "name": "" } },
{ "pid": 1, "tid": 9, "ts": 20470529.296875, "dur": 44245.3002929688, "ph": "X", "name": "HashCompilerInvocation", "args": { "durationMS": 44.2453002929688, "detail": "Il2CppMetadataUsage.c" } },
{ "pid": 1, "tid": 9, "ts": 20514826.171875, "dur": 10368.5998916626, "ph": "X", "name": "HashCompilerInvocation", "args": { "durationMS": 10.3685998916626, "detail": "GenericMethods1.cpp" } },
{ "pid": 1, "tid": 9, "ts": 20525232.421875, "dur": 10725.700378418, "ph": "X", "name": "HashCompilerInvocation", "args": { "durationMS": 10.725700378418, "detail": "Generics1.cpp" } },
{ "pid": 1, "tid": 9, "ts": 20535998.046875, "dur": 8644.700050354, "ph": "X", "name": "HashCompilerInvocation", "args": { "durationMS": 8.644700050354, "detail": "mscorlib16.cpp" } },
{ "pid": 1, "tid": 9, "ts": 20544681.640625, "dur": 8791.79954528809, "ph": "X", "name": "HashCompilerInvocation", "args": { "durationMS": 8.79179954528809, "detail": "UnityEngine.UI1.cpp" } },
{ "pid": 1, "tid": 9, "ts": 20553515.625, "dur": 8446.00009918213, "ph": "X", "name": "HashCompilerInvocation", "args": { "durationMS": 8.44600009918213, "detail": "GenericMethods3.cpp" } },
{ "pid": 1, "tid": 9, "ts": 20562000, "dur": 7758.69989395142, "ph": "X", "name": "HashCompilerInvocation", "args": { "durationMS": 7.75869989395142, "detail": "System.cpp" } },
{ "pid": 1, "tid": 9, "ts": 20569796.875, "dur": 8257.59983062744, "ph": "X", "name": "HashCompilerInvocation", "args": { "durationMS": 8.25759983062744, "detail": "Generics20.cpp" } },
{ "pid": 1, "tid": 9, "ts": 20578093.75, "dur": 9975.3999710083, "ph": "X", "name": "HashCompilerInvocation", "args": { "durationMS": 9.9753999710083, "detail": "Generics8.cpp" } },
{ "pid": 1, "tid": 9, "ts": 20588119.140625, "dur": 7418.70021820068, "ph": "X", "name": "HashCompilerInvocation", "args": { "durationMS": 7.41870021820068, "detail": "GenericMethods2.cpp" } },
{ "pid": 1, "tid": 9, "ts": 20595582.03125, "dur": 5494.80009078979, "ph": "X", "name": "HashCompilerInvocation", "args": { "durationMS": 5.49480009078979, "detail": "UnityEngine.UNETModule.cpp" } },
{ "pid": 1, "tid": 9, "ts": 20601119.140625, "dur": 18095.8003997803, "ph": "X", "name": "HashCompilerInvocation", "args": { "durationMS": 18.0958003997803, "detail": "UnityEngine.UI3.cpp" } },
{ "pid": 1, "tid": 9, "ts": 20619250, "dur": 2774.30009841919, "ph": "X", "name": "HashCompilerInvocation", "args": { "durationMS": 2.77430009841919, "detail": "UnityEngine.TerrainModule.cpp" } },
{ "pid": 1, "tid": 9, "ts": 20622066.40625, "dur": 11653.3002853394, "ph": "X", "name": "HashCompilerInvocation", "args": { "durationMS": 11.6533002853394, "detail": "UnityEngine.UIModule.cpp" } },
{ "pid": 1, "tid": 9, "ts": 20633775.390625, "dur": 14621.000289917, "ph": "X", "name": "HashCompilerInvocation", "args": { "durationMS": 14.621000289917, "detail": "System.Configuration.cpp" } },
{ "pid": 1, "tid": 9, "ts": 20648439.453125, "dur": 2937.29996681213, "ph": "X", "name": "HashCompilerInvocation", "args": { "durationMS": 2.93729996681213, "detail": "I18N.Other_CodeGen.c" } },
{ "pid": 1, "tid": 9, "ts": 20651406.25, "dur": 1604.69996929169, "ph": "X", "name": "HashCompilerInvocation", "args": { "durationMS": 1.60469996929169, "detail": "gzlib.c" } },
{ "pid": 1, "tid": 9, "ts": 20653037.109375, "dur": 1915.59994220734, "ph": "X", "name": "HashCompilerInvocation", "args": { "durationMS": 1.91559994220734, "detail": "inftrees.c" } },
{ "pid": 1, "tid": 9, "ts": 20654990.234375, "dur": 1428.79998683929, "ph": "X", "name": "HashCompilerInvocation", "args": { "durationMS": 1.42879998683929, "detail": "I18N.MidEast_CodeGen.c" } },
{ "pid": 1, "tid": 9, "ts": 20656443.359375, "dur": 1431.20002746582, "ph": "X", "name": "HashCompilerInvocation", "args": { "durationMS": 1.43120002746582, "detail": "UnityEngine.TilemapModule_CodeGen.c" } },
{ "pid": 1, "tid": 9, "ts": 20657908.203125, "dur": 2876.80006027222, "ph": "X", "name": "HashCompilerInvocation", "args": { "durationMS": 2.87680006027222, "detail": "Il2CppCodeRegistration.cpp" } },
{ "pid": 1, "tid": 9, "ts": 20660812.5, "dur": 1279.09994125366, "ph": "X", "name": "HashCompilerInvocation", "args": { "durationMS": 1.27909994125366, "detail": "UnityEngine.UIElementsModule_CodeGen.c" } },
{ "pid": 1, "tid": 9, "ts": 20662115.234375, "dur": 1767.60005950928, "ph": "X", "name": "HashCompilerInvocation", "args": { "durationMS": 1.76760005950928, "detail": "UnityEngine.ParticleSystemModule_CodeGen.c" } },
{ "pid": 1, "tid": 9, "ts": 20663927.734375, "dur": 4112.99991607666, "ph": "X", "name": "HashCompilerInvocation", "args": { "durationMS": 4.11299991607666, "detail": "UnityEngine.GridModule.cpp" } },
{ "pid": 1, "tid": 9, "ts": 20668080.078125, "dur": 2134.0000629425, "ph": "X", "name": "HashCompilerInvocation", "args": { "durationMS": 2.1340000629425, "detail": "Il2CppReversePInvokeWrapperTable.cpp" } },
{ "pid": 1, "tid": 9, "ts": 20670251.953125, "dur": 1615.10002613068, "ph": "X", "name": "HashCompilerInvocation", "args": { "durationMS": 1.61510002613068, "detail": "UnityAdsStubs.cpp" } },
{ "pid": 1, "tid": 9, "ts": 20671900.390625, "dur": 1510.90002059937, "ph": "X", "name": "HashCompilerInvocation", "args": { "durationMS": 1.51090002059937, "detail": "UnityEngine.DirectorModule_CodeGen.c" } },
{ "pid": 1, "tid": 9, "ts": 20673443.359375, "dur": 1490.59998989105, "ph": "X", "name": "HashCompilerInvocation", "args": { "durationMS": 1.49059998989105, "detail": "UnityEngine.cpp" } },
{ "pid": 1, "tid": 9, "ts": 20676746.09375, "dur": 1304.90005016327, "ph": "X", "name": "HashCompilerInvocation", "args": { "durationMS": 1.30490005016327, "detail": "System.Xml_CodeGen.c" } },
{ "pid": 1, "tid": 9, "ts": 20678080.078125, "dur": 32900.3982543945, "ph": "X", "name": "HashCompilerInvocation", "args": { "durationMS": 32.9003982543945, "detail": "gzclose.c" } },
{ "pid": 1, "tid": 5, "ph": "M", "name": "thread_name", "args": { "name": "" } },
{ "pid": 1, "tid": 5, "ts": 20470541.015625, "dur": 37054.6989440918, "ph": "X", "name": "HashCompilerInvocation", "args": { "durationMS": 37.0546989440918, "detail": "Il2CppCompilerCalculateTypeValues.cpp" } },
{ "pid": 1, "tid": 5, "ts": 20507634.765625, "dur": 22855.2989959717, "ph": "X", "name": "HashCompilerInvocation", "args": { "durationMS": 22.8552989959717, "detail": "mscorlib_CodeGen.c" } },
{ "pid": 1, "tid": 5, "ts": 20530531.25, "dur": 9055.19962310791, "ph": "X", "name": "HashCompilerInvocation", "args": { "durationMS": 9.05519962310791, "detail": "mscorlib11.cpp" } },
{ "pid": 1, "tid": 5, "ts": 20539626.953125, "dur": 8979.99954223633, "ph": "X", "name": "HashCompilerInvocation", "args": { "durationMS": 8.97999954223633, "detail": "mscorlib2.cpp" } },
{ "pid": 1, "tid": 5, "ts": 20548656.25, "dur": 8792.49954223633, "ph": "X", "name": "HashCompilerInvocation", "args": { "durationMS": 8.79249954223633, "detail": "GenericMethods4.cpp" } },
{ "pid": 1, "tid": 5, "ts": 20557496.09375, "dur": 11424.3001937866, "ph": "X", "name": "HashCompilerInvocation", "args": { "durationMS": 11.4243001937866, "detail": "mscorlib5.cpp" } },
{ "pid": 1, "tid": 5, "ts": 20568960.9375, "dur": 7875.80013275146, "ph": "X", "name": "HashCompilerInvocation", "args": { "durationMS": 7.87580013275146, "detail": "GenericMethods.cpp" } },
{ "pid": 1, "tid": 5, "ts": 20576878.90625, "dur": 8546.60034179688, "ph": "X", "name": "HashCompilerInvocation", "args": { "durationMS": 8.54660034179688, "detail": "Generics11.cpp" } },
{ "pid": 1, "tid": 5, "ts": 20585468.75, "dur": 21021.2001800537, "ph": "X", "name": "HashCompilerInvocation", "args": { "durationMS": 21.0212001800537, "detail": "Generics13.cpp" } },
{ "pid": 1, "tid": 5, "ts": 20606531.25, "dur": 3779.59990501404, "ph": "X", "name": "HashCompilerInvocation", "args": { "durationMS": 3.77959990501404, "detail": "I18N.CJK.cpp" } },
{ "pid": 1, "tid": 5, "ts": 20610371.09375, "dur": 3861.00006103516, "ph": "X", "name": "HashCompilerInvocation", "args": { "durationMS": 3.86100006103516, "detail": "Il2CppCompilerCalculateTypeValuesTable.cpp" } },
{ "pid": 1, "tid": 5, "ts": 20614257.8125, "dur": 23853.2009124756, "ph": "X", "name": "HashCompilerInvocation", "args": { "durationMS": 23.8532009124756, "detail": "com.unity.multiplayer-hlapi.Runtime_CodeGen.c" } },
{ "pid": 1, "tid": 5, "ts": 20638162.109375, "dur": 2208.40001106262, "ph": "X", "name": "HashCompilerInvocation", "args": { "durationMS": 2.20840001106262, "detail": "trees.c" } },
{ "pid": 1, "tid": 5, "ts": 20640419.921875, "dur": 2026.70001983643, "ph": "X", "name": "HashCompilerInvocation", "args": { "durationMS": 2.02670001983643, "detail": "UnityEngine.TextCoreModule_CodeGen.c" } },
{ "pid": 1, "tid": 5, "ts": 20642498.046875, "dur": 5986.89985275269, "ph": "X", "name": "HashCompilerInvocation", "args": { "durationMS": 5.98689985275269, "detail": "UnityEngine.UnityWebRequestModule_CodeGen.c" } },
{ "pid": 1, "tid": 5, "ts": 20648523.4375, "dur": 15594.4995880127, "ph": "X", "name": "HashCompilerInvocation", "args": { "durationMS": 15.5944995880127, "detail": "gzwrite.c" } },
{ "pid": 1, "tid": 5, "ts": 20678927.734375, "dur": 2286.90004348755, "ph": "X", "name": "HashCompilerInvocation", "args": { "durationMS": 2.28690004348755, "detail": "UnityEngine.UnityAnalyticsModule_CodeGen.c" } },
{ "pid": 1, "tid": 5, "ts": 20681265.625, "dur": 3642.29989051819, "ph": "X", "name": "HashCompilerInvocation", "args": { "durationMS": 3.64229989051819, "detail": "Lump_libil2cpp_codegen.cpp" } },
{ "pid": 1, "tid": 6, "ph": "M", "name": "thread_name", "args": { "name": "" } },
{ "pid": 1, "tid": 6, "ts": 20470544.921875, "dur": 52784.9006652832, "ph": "X", "name": "HashCompilerInvocation", "args": { "durationMS": 52.7849006652832, "detail": "Il2CppInvokerTable.cpp" } },
{ "pid": 1, "tid": 6, "ts": 20523371.09375, "dur": 11160.6998443604, "ph": "X", "name": "HashCompilerInvocation", "args": { "durationMS": 11.1606998443604, "detail": "UnityEngine.UI.cpp" } },
{ "pid": 1, "tid": 6, "ts": 20534572.265625, "dur": 10953.7000656128, "ph": "X", "name": "HashCompilerInvocation", "args": { "durationMS": 10.9537000656128, "detail": "Generics5.cpp" } },
{ "pid": 1, "tid": 6, "ts": 20545566.40625, "dur": 12326.8995285034, "ph": "X", "name": "HashCompilerInvocation", "args": { "durationMS": 12.3268995285034, "detail": "Generics.cpp" } },
{ "pid": 1, "tid": 6, "ts": 20557931.640625, "dur": 8586.19976043701, "ph": "X", "name": "HashCompilerInvocation", "args": { "durationMS": 8.58619976043701, "detail": "UnityEngine.CoreModule1.cpp" } },
{ "pid": 1, "tid": 6, "ts": 20566570.3125, "dur": 8683.79974365234, "ph": "X", "name": "HashCompilerInvocation", "args": { "durationMS": 8.68379974365234, "detail": "System1.cpp" } },
{ "pid": 1, "tid": 6, "ts": 20575316.40625, "dur": 8864.99977111816, "ph": "X", "name": "HashCompilerInvocation", "args": { "durationMS": 8.86499977111816, "detail": "mscorlib14.cpp" } },
{ "pid": 1, "tid": 6, "ts": 20584240.234375, "dur": 8367.19989776611, "ph": "X", "name": "HashCompilerInvocation", "args": { "durationMS": 8.36719989776611, "detail": "Generics9.cpp" } },
{ "pid": 1, "tid": 6, "ts": 20592654.296875, "dur": 5980.89981079102, "ph": "X", "name": "HashCompilerInvocation", "args": { "durationMS": 5.98089981079102, "detail": "Generics3.cpp" } },
{ "pid": 1, "tid": 6, "ts": 20598673.828125, "dur": 4490.79990386963, "ph": "X", "name": "HashCompilerInvocation", "args": { "durationMS": 4.49079990386963, "detail": "Assembly-CSharp1.cpp" } },
{ "pid": 1, "tid": 6, "ts": 20604382.8125, "dur": 4093.69993209839, "ph": "X", "name": "HashCompilerInvocation", "args": { "durationMS": 4.09369993209839, "detail": "UnityEngine.VRModule.cpp" } },
{ "pid": 1, "tid": 6, "ts": 20608515.625, "dur": 3796.70000076294, "ph": "X", "name": "HashCompilerInvocation", "args": { "durationMS": 3.79670000076294, "detail": "UnityEngine.AndroidJNIModule.cpp" } },
{ "pid": 1, "tid": 6, "ts": 20612357.421875, "dur": 4642.09985733032, "ph": "X", "name": "HashCompilerInvocation", "args": { "durationMS": 4.64209985733032, "detail": "UnityEngine.UI_CodeGen.c" } },
{ "pid": 1, "tid": 6, "ts": 20617044.921875, "dur": 3283.20002555847, "ph": "X", "name": "HashCompilerInvocation", "args": { "durationMS": 3.28320002555847, "detail": "I18N.Other.cpp" } },
{ "pid": 1, "tid": 6, "ts": 20620367.1875, "dur": 3643.89991760254, "ph": "X", "name": "HashCompilerInvocation", "args": { "durationMS": 3.64389991760254, "detail": "System_CodeGen.c" } },
{ "pid": 1, "tid": 6, "ts": 20624037.109375, "dur": 1900.79998970032, "ph": "X", "name": "HashCompilerInvocation", "args": { "durationMS": 1.90079998970032, "detail": "UnityEngine.PhysicsModule.cpp" } },
{ "pid": 1, "tid": 6, "ts": 20625964.84375, "dur": 7558.49981307983, "ph": "X", "name": "HashCompilerInvocation", "args": { "durationMS": 7.55849981307983, "detail": "UnityEngine.IMGUIModule_CodeGen.c" } },
{ "pid": 1, "tid": 6, "ts": 20633564.453125, "dur": 1954.80000972748, "ph": "X", "name": "HashCompilerInvocation", "args": { "durationMS": 1.95480000972748, "detail": "I18N.Rare_CodeGen.c" } },
{ "pid": 1, "tid": 6, "ts": 20635554.6875, "dur": 12837.9001617432, "ph": "X", "name": "HashCompilerInvocation", "args": { "durationMS": 12.8379001617432, "detail": "UnityEngine.AndroidJNIModule_CodeGen.c" } },
{ "pid": 1, "tid": 6, "ts": 20648435.546875, "dur": 3162.69993782043, "ph": "X", "name": "HashCompilerInvocation", "args": { "durationMS": 3.16269993782043, "detail": "UnityEngine.DirectorModule.cpp" } },
{ "pid": 1, "tid": 6, "ts": 20651644.53125, "dur": 12537.7998352051, "ph": "X", "name": "HashCompilerInvocation", "args": { "durationMS": 12.5377998352051, "detail": "UnityEngine.TextRenderingModule_CodeGen.c" } },
{ "pid": 1, "tid": 6, "ts": 20664230.46875, "dur": 3575.99997520447, "ph": "X", "name": "HashCompilerInvocation", "args": { "durationMS": 3.57599997520447, "detail": "adler32.c" } },
{ "pid": 1, "tid": 6, "ts": 20667855.46875, "dur": 5140.90013504028, "ph": "X", "name": "HashCompilerInvocation", "args": { "durationMS": 5.14090013504028, "detail": "gc.c" } },
{ "pid": 1, "tid": 6, "ts": 20673056.640625, "dur": 11268.8999176025, "ph": "X", "name": "HashCompilerInvocation", "args": { "durationMS": 11.2688999176025, "detail": "UnityEngine.JSONSerializeModule_CodeGen.c" } },
{ "pid": 1, "tid": 6, "ts": 20684363.28125, "dur": 1694.80001926422, "ph": "X", "name": "HashCompilerInvocation", "args": { "durationMS": 1.69480001926422, "detail": "il2cpp-runtime-stats.cpp" } },
{ "pid": 1, "tid": 8, "ph": "M", "name": "thread_name", "args": { "name": "" } },
{ "pid": 1, "tid": 8, "ts": 20470548.828125, "dur": 45831.3980102539, "ph": "X", "name": "HashCompilerInvocation", "args": { "durationMS": 45.8313980102539, "detail": "Il2CppAttributes.cpp" } },
{ "pid": 1, "tid": 8, "ts": 20516419.921875, "dur": 10116.6000366211, "ph": "X", "name": "HashCompilerInvocation", "args": { "durationMS": 10.1166000366211, "detail": "Assembly-CSharp.cpp" } },
{ "pid": 1, "tid": 8, "ts": 20526574.21875, "dur": 12789.0996932983, "ph": "X", "name": "HashCompilerInvocation", "args": { "durationMS": 12.7890996932983, "detail": "GenericMethods5.cpp" } },
{ "pid": 1, "tid": 8, "ts": 20539416.015625, "dur": 8796.19979858398, "ph": "X", "name": "HashCompilerInvocation", "args": { "durationMS": 8.79619979858398, "detail": "mscorlib6.cpp" } },
{ "pid": 1, "tid": 8, "ts": 20548253.90625, "dur": 9501.09958648682, "ph": "X", "name": "HashCompilerInvocation", "args": { "durationMS": 9.50109958648682, "detail": "com.unity.multiplayer-hlapi.Runtime1.cpp" } },
{ "pid": 1, "tid": 8, "ts": 20557806.640625, "dur": 8274.80030059814, "ph": "X", "name": "HashCompilerInvocation", "args": { "durationMS": 8.27480030059814, "detail": "Generics21.cpp" } },
{ "pid": 1, "tid": 8, "ts": 20566125, "dur": 10519.8001861572, "ph": "X", "name": "HashCompilerInvocation", "args": { "durationMS": 10.5198001861572, "detail": "Generics6.cpp" } },
{ "pid": 1, "tid": 8, "ts": 20576689.453125, "dur": 8648.79989624023, "ph": "X", "name": "HashCompilerInvocation", "args": { "durationMS": 8.64879989624023, "detail": "Generics22.cpp" } },
{ "pid": 1, "tid": 8, "ts": 20585386.71875, "dur": 7656.0001373291, "ph": "X", "name": "HashCompilerInvocation", "args": { "durationMS": 7.6560001373291, "detail": "Generics14.cpp" } },
{ "pid": 1, "tid": 8, "ts": 20593083.984375, "dur": 14117.299079895, "ph": "X", "name": "HashCompilerInvocation", "args": { "durationMS": 14.117299079895, "detail": "I18N.Rare.cpp" } },
{ "pid": 1, "tid": 8, "ts": 20607257.8125, "dur": 3256.70003890991, "ph": "X", "name": "HashCompilerInvocation", "args": { "durationMS": 3.25670003890991, "detail": "I18N.West.cpp" } },
{ "pid": 1, "tid": 8, "ts": 20610541.015625, "dur": 8258.00037384033, "ph": "X", "name": "HashCompilerInvocation", "args": { "durationMS": 8.25800037384033, "detail": "UnityEngine.CoreModule_CodeGen.c" } },
{ "pid": 1, "tid": 8, "ts": 20618851.5625, "dur": 2939.50009346008, "ph": "X", "name": "HashCompilerInvocation", "args": { "durationMS": 2.93950009346008, "detail": "UnityEngine.CoreModule2.cpp" } },
{ "pid": 1, "tid": 8, "ts": 20621839.84375, "dur": 3695.89996337891, "ph": "X", "name": "HashCompilerInvocation", "args": { "durationMS": 3.69589996337891, "detail": "UnityEngine.Physics2DModule.cpp" } },
{ "pid": 1, "tid": 8, "ts": 20625576.171875, "dur": 2296.40007019043, "ph": "X", "name": "HashCompilerInvocation", "args": { "durationMS": 2.29640007019043, "detail": "UnityEngine.InputLegacyModule.cpp" } },
{ "pid": 1, "tid": 8, "ts": 20627910.15625, "dur": 1986.60004138947, "ph": "X", "name": "HashCompilerInvocation", "args": { "durationMS": 1.98660004138947, "detail": "UnityEngine.UNETModule_CodeGen.c" } },
{ "pid": 1, "tid": 8, "ts": 20629935.546875, "dur": 3023.09989929199, "ph": "X", "name": "HashCompilerInvocation", "args": { "durationMS": 3.02309989929199, "detail": "deflate.c" } },
{ "pid": 1, "tid": 8, "ts": 20633009.765625, "dur": 2154.20007705688, "ph": "X", "name": "HashCompilerInvocation", "args": { "durationMS": 2.15420007705688, "detail": "UnityEngine.ParticleSystemModule.cpp" } },
{ "pid": 1, "tid": 8, "ts": 20635205.078125, "dur": 2806.90002441406, "ph": "X", "name": "HashCompilerInvocation", "args": { "durationMS": 2.80690002441406, "detail": "UnityEngine.VRModule_CodeGen.c" } },
{ "pid": 1, "tid": 8, "ts": 20638041.015625, "dur": 9530.69972991943, "ph": "X", "name": "HashCompilerInvocation", "args": { "durationMS": 9.53069972991943, "detail": "System.Core.cpp" } },
{ "pid": 1, "tid": 8, "ts": 20647607.421875, "dur": 16902.2006988525, "ph": "X", "name": "HashCompilerInvocation", "args": { "durationMS": 16.9022006988525, "detail": "gzread.c" } },
{ "pid": 1, "tid": 8, "ts": 20664560.546875, "dur": 15752.4003982544, "ph": "X", "name": "HashCompilerInvocation", "args": { "durationMS": 15.7524003982544, "detail": "UnityEngine.InputModule_CodeGen.c" } },
{ "pid": 1, "tid": 8, "ts": 20680367.1875, "dur": 16330.2001953125, "ph": "X", "name": "HashCompilerInvocation", "args": { "durationMS": 16.3302001953125, "detail": "UnityEngine_CodeGen.c" } },
{ "pid": 1, "tid": 11, "ph": "M", "name": "thread_name", "args": { "name": "" } },
{ "pid": 1, "tid": 11, "ts": 20470558.59375, "dur": 33652.9006958008, "ph": "X", "name": "HashCompilerInvocation", "args": { "durationMS": 33.6529006958008, "detail": "Unity.TextMeshPro.cpp" } },
{ "pid": 1, "tid": 11, "ts": 20504328.125, "dur": 14490.7999038696, "ph": "X", "name": "HashCompilerInvocation", "args": { "durationMS": 14.4907999038696, "detail": "Unity.TextMeshPro1.cpp" } },
{ "pid": 1, "tid": 11, "ts": 20518861.328125, "dur": 9933.60042572021, "ph": "X", "name": "HashCompilerInvocation", "args": { "durationMS": 9.93360042572021, "detail": "Unity.TextMeshPro2.cpp" } },
{ "pid": 1, "tid": 11, "ts": 20528867.1875, "dur": 9877.09999084473, "ph": "X", "name": "HashCompilerInvocation", "args": { "durationMS": 9.87709999084473, "detail": "mscorlib7.cpp" } },
{ "pid": 1, "tid": 11, "ts": 20538785.15625, "dur": 12388.6003494263, "ph": "X", "name": "HashCompilerInvocation", "args": { "durationMS": 12.3886003494263, "detail": "mscorlib9.cpp" } },
{ "pid": 1, "tid": 11, "ts": 20551214.84375, "dur": 8014.59980010986, "ph": "X", "name": "HashCompilerInvocation", "args": { "durationMS": 8.01459980010986, "detail": "UnityEngine.CoreModule.cpp" } },
{ "pid": 1, "tid": 11, "ts": 20559269.53125, "dur": 8723.09970855713, "ph": "X", "name": "HashCompilerInvocation", "args": { "durationMS": 8.72309970855713, "detail": "Unity.TextMeshPro3.cpp" } },
{ "pid": 1, "tid": 11, "ts": 20568037.109375, "dur": 11112.9999160767, "ph": "X", "name": "HashCompilerInvocation", "args": { "durationMS": 11.1129999160767, "detail": "Generics17.cpp" } },
{ "pid": 1, "tid": 11, "ts": 20579189.453125, "dur": 6299.39985275269, "ph": "X", "name": "HashCompilerInvocation", "args": { "durationMS": 6.29939985275269, "detail": "Generics4.cpp" } },
{ "pid": 1, "tid": 11, "ts": 20585535.15625, "dur": 7724.69997406006, "ph": "X", "name": "HashCompilerInvocation", "args": { "durationMS": 7.72469997406006, "detail": "Generics10.cpp" } },
{ "pid": 1, "tid": 11, "ts": 20593310.546875, "dur": 4907.29999542236, "ph": "X", "name": "HashCompilerInvocation", "args": { "durationMS": 4.90729999542236, "detail": "Il2CppGenericInstDefinitions.c" } },
{ "pid": 1, "tid": 11, "ts": 20598248.046875, "dur": 22493.4005737305, "ph": "X", "name": "HashCompilerInvocation", "args": { "durationMS": 22.4934005737305, "detail": "mscorlib17.cpp" } },
{ "pid": 1, "tid": 11, "ts": 20620787.109375, "dur": 3612.60008811951, "ph": "X", "name": "HashCompilerInvocation", "args": { "durationMS": 3.61260008811951, "detail": "Il2CppInteropDataTable.cpp" } },
{ "pid": 1, "tid": 11, "ts": 20624425.78125, "dur": 1776.49998664856, "ph": "X", "name": "HashCompilerInvocation", "args": { "durationMS": 1.77649998664856, "detail": "UnityEngine.SharedInternalsModule.cpp" } },
{ "pid": 1, "tid": 11, "ts": 20626226.5625, "dur": 1634.19997692108, "ph": "X", "name": "HashCompilerInvocation", "args": { "durationMS": 1.63419997692108, "detail": "Assembly-CSharp_CodeGen.c" } },
{ "pid": 1, "tid": 11, "ts": 20627886.71875, "dur": 1635.90002059937, "ph": "X", "name": "HashCompilerInvocation", "args": { "durationMS": 1.63590002059937, "detail": "UnityEngine.AudioModule.cpp" } },
{ "pid": 1, "tid": 11, "ts": 20629548.828125, "dur": 2461.99989318848, "ph": "X", "name": "HashCompilerInvocation", "args": { "durationMS": 2.46199989318848, "detail": "UnityEngine.VideoModule.cpp" } },
{ "pid": 1, "tid": 11, "ts": 20632050.78125, "dur": 32267.0021057129, "ph": "X", "name": "HashCompilerInvocation", "args": { "durationMS": 32.2670021057129, "detail": "UnityEngine.TilemapModule.cpp" } },
{ "pid": 1, "tid": 11, "ts": 20664353.515625, "dur": 4224.1997718811, "ph": "X", "name": "HashCompilerInvocation", "args": { "durationMS": 4.2241997718811, "detail": "Mono.Security_CodeGen.c" } },
{ "pid": 1, "tid": 11, "ts": 20668625, "dur": 1581.69996738434, "ph": "X", "name": "HashCompilerInvocation", "args": { "durationMS": 1.58169996738434, "detail": "Lump_libil2cpp_metadata.cpp" } },
{ "pid": 1, "tid": 11, "ts": 20670234.375, "dur": 1715.49999713898, "ph": "X", "name": "HashCompilerInvocation", "args": { "durationMS": 1.71549999713898, "detail": "UnityEngine.AIModule_CodeGen.c" } },
{ "pid": 1, "tid": 11, "ts": 20671984.375, "dur": 1185.09995937347, "ph": "X", "name": "HashCompilerInvocation", "args": { "durationMS": 1.18509995937347, "detail": "krait_signal_handler.c" } },
{ "pid": 1, "tid": 11, "ts": 20673199.21875, "dur": 1476.60005092621, "ph": "X", "name": "HashCompilerInvocation", "args": { "durationMS": 1.47660005092621, "detail": "Il2CppMetadataRegistration.c" } },
{ "pid": 1, "tid": 11, "ts": 20674710.9375, "dur": 3075.7999420166, "ph": "X", "name": "HashCompilerInvocation", "args": { "durationMS": 3.0757999420166, "detail": "UnityEngine.GridModule_CodeGen.c" } },
{ "pid": 1, "tid": 11, "ts": 20677810.546875, "dur": 1477.30004787445, "ph": "X", "name": "HashCompilerInvocation", "args": { "durationMS": 1.47730004787445, "detail": "Lump_libil2cpp_mono.cpp" } },
{ "pid": 1, "tid": 11, "ts": 20679324.21875, "dur": 1765.59996604919, "ph": "X", "name": "HashCompilerInvocation", "args": { "durationMS": 1.76559996604919, "detail": "il2cpp-benchmark-support.cpp" } },
{ "pid": 1, "tid": 11, "ts": 20681150.390625, "dur": 3646.50011062622, "ph": "X", "name": "HashCompilerInvocation", "args": { "durationMS": 3.64650011062622, "detail": "Lump_libil2cpp_mono-runtime.cpp" } },
{ "pid": 1, "tid": 10, "ph": "M", "name": "thread_name", "args": { "name": "" } },
{ "pid": 1, "tid": 10, "ts": 20470578.125, "dur": 34342.700958252, "ph": "X", "name": "HashCompilerInvocation", "args": { "durationMS": 34.342700958252, "detail": "Il2CppGenericMethodPointerTable.cpp" } },
{ "pid": 1, "tid": 10, "ts": 20504955.078125, "dur": 12078.3004760742, "ph": "X", "name": "HashCompilerInvocation", "args": { "durationMS": 12.0783004760742, "detail": "mscorlib3.cpp" } },
{ "pid": 1, "tid": 10, "ts": 20517085.9375, "dur": 11618.200302124, "ph": "X", "name": "HashCompilerInvocation", "args": { "durationMS": 11.618200302124, "detail": "mscorlib12.cpp" } },
{ "pid": 1, "tid": 10, "ts": 20528742.1875, "dur": 21842.8993225098, "ph": "X", "name": "HashCompilerInvocation", "args": { "durationMS": 21.8428993225098, "detail": "mscorlib15.cpp" } },
{ "pid": 1, "tid": 10, "ts": 20550634.765625, "dur": 8196.99954986572, "ph": "X", "name": "HashCompilerInvocation", "args": { "durationMS": 8.19699954986572, "detail": "UnityEngine.UI2.cpp" } },
{ "pid": 1, "tid": 10, "ts": 20558876.953125, "dur": 8467.80014038086, "ph": "X", "name": "HashCompilerInvocation", "args": { "durationMS": 8.46780014038086, "detail": "mscorlib13.cpp" } },
{ "pid": 1, "tid": 10, "ts": 20567402.34375, "dur": 10369.8997497559, "ph": "X", "name": "HashCompilerInvocation", "args": { "durationMS": 10.3698997497559, "detail": "Il2CppGenericClassTable.c" } },
{ "pid": 1, "tid": 10, "ts": 20577806.640625, "dur": 8588.99974822998, "ph": "X", "name": "HashCompilerInvocation", "args": { "durationMS": 8.58899974822998, "detail": "Generics7.cpp" } },
{ "pid": 1, "tid": 10, "ts": 20586445.3125, "dur": 7452.09980010986, "ph": "X", "name": "HashCompilerInvocation", "args": { "durationMS": 7.45209980010986, "detail": "Generics16.cpp" } },
{ "pid": 1, "tid": 10, "ts": 20593947.265625, "dur": 5525.10023117065, "ph": "X", "name": "HashCompilerInvocation", "args": { "durationMS": 5.52510023117065, "detail": "System2.cpp" } },
{ "pid": 1, "tid": 10, "ts": 20599513.671875, "dur": 5651.19981765747, "ph": "X", "name": "HashCompilerInvocation", "args": { "durationMS": 5.65119981765747, "detail": "com.unity.multiplayer-hlapi.Runtime3.cpp" } },
{ "pid": 1, "tid": 10, "ts": 20605208.984375, "dur": 4022.50003814697, "ph": "X", "name": "HashCompilerInvocation", "args": { "durationMS": 4.02250003814697, "detail": "UnresolvedVirtualCallStubs.cpp" } },
{ "pid": 1, "tid": 10, "ts": 20609269.53125, "dur": 3615.9999370575, "ph": "X", "name": "HashCompilerInvocation", "args": { "durationMS": 3.6159999370575, "detail": "UnityEngine.XRModule.cpp" } },
{ "pid": 1, "tid": 10, "ts": 20613873.046875, "dur": 3900.70009231567, "ph": "X", "name": "HashCompilerInvocation", "args": { "durationMS": 3.90070009231567, "detail": "char-conversions.cpp" } },
{ "pid": 1, "tid": 10, "ts": 20617812.5, "dur": 18129.6997070313, "ph": "X", "name": "HashCompilerInvocation", "args": { "durationMS": 18.1296997070313, "detail": "UnityEngine.TextCoreModule.cpp" } },
{ "pid": 1, "tid": 10, "ts": 20635990.234375, "dur": 2958.30011367798, "ph": "X", "name": "HashCompilerInvocation", "args": { "durationMS": 2.95830011367798, "detail": "I18N.CJK_CodeGen.c" } },
{ "pid": 1, "tid": 10, "ts": 20639005.859375, "dur": 1560.19997596741, "ph": "X", "name": "HashCompilerInvocation", "args": { "durationMS": 1.56019997596741, "detail": "il2cpp-api.cpp" } },
{ "pid": 1, "tid": 10, "ts": 20640591.796875, "dur": 1445.79994678497, "ph": "X", "name": "HashCompilerInvocation", "args": { "durationMS": 1.44579994678497, "detail": "xamarin_getifaddrs.c" } },
{ "pid": 1, "tid": 10, "ts": 20642064.453125, "dur": 1356.99999332428, "ph": "X", "name": "HashCompilerInvocation", "args": { "durationMS": 1.35699999332428, "detail": "I18N_CodeGen.c" } },
{ "pid": 1, "tid": 10, "ts": 20643453.125, "dur": 2424.99995231628, "ph": "X", "name": "HashCompilerInvocation", "args": { "durationMS": 2.42499995231628, "detail": "UnityEngine.UIModule_CodeGen.c" } },
{ "pid": 1, "tid": 10, "ts": 20645908.203125, "dur": 1643.70000362396, "ph": "X", "name": "HashCompilerInvocation", "args": { "durationMS": 1.64370000362396, "detail": "infback.c" } },
{ "pid": 1, "tid": 10, "ts": 20647941.40625, "dur": 3233.20007324219, "ph": "X", "name": "HashCompilerInvocation", "args": { "durationMS": 3.23320007324219, "detail": "UnityEngine.Physics2DModule_CodeGen.c" } },
{ "pid": 1, "tid": 10, "ts": 20651228.515625, "dur": 2162.60004043579, "ph": "X", "name": "HashCompilerInvocation", "args": { "durationMS": 2.16260004043579, "detail": "UnityEngine.SharedInternalsModule_CodeGen.c" } },
{ "pid": 1, "tid": 10, "ts": 20653439.453125, "dur": 10741.4999008179, "ph": "X", "name": "HashCompilerInvocation", "args": { "durationMS": 10.7414999008179, "detail": "inffast.c" } },
{ "pid": 1, "tid": 10, "ts": 20664419.921875, "dur": 3868.29996109009, "ph": "X", "name": "HashCompilerInvocation", "args": { "durationMS": 3.86829996109009, "detail": "Lump_libil2cpp_vm.cpp" } },
{ "pid": 1, "tid": 10, "ts": 20668314.453125, "dur": 1904.1999578476, "ph": "X", "name": "HashCompilerInvocation", "args": { "durationMS": 1.9041999578476, "detail": "compress.c" } },
{ "pid": 1, "tid": 10, "ts": 20670251.953125, "dur": 10050.9996414185, "ph": "X", "name": "HashCompilerInvocation", "args": { "durationMS": 10.0509996414185, "detail": "Lump_libil2cpp_utils.cpp" } },
{ "pid": 1, "tid": 10, "ts": 20680341.796875, "dur": 3871.20008468628, "ph": "X", "name": "HashCompilerInvocation", "args": { "durationMS": 3.87120008468628, "detail": "UnityEngine.AssetBundleModule_CodeGen.c" } },
{ "pid": 1, "tid": 10, "ts": 20684242.1875, "dur": 1649.89995956421, "ph": "X", "name": "HashCompilerInvocation", "args": { "durationMS": 1.64989995956421, "detail": "Lump_libil2cpp_debugger.cpp" } },
{ "pid": 1, "tid": 7, "ph": "M", "name": "thread_name", "args": { "name": "" } },
{ "pid": 1, "tid": 7, "ts": 20471324.21875, "dur": 35056.4002990723, "ph": "X", "name": "HashCompilerInvocation", "args": { "durationMS": 35.0564002990723, "detail": "Il2CppCompilerCalculateTypeValues1.cpp" } },
{ "pid": 1, "tid": 7, "ts": 20506423.828125, "dur": 11949.9998092651, "ph": "X", "name": "HashCompilerInvocation", "args": { "durationMS": 11.9499998092651, "detail": "Il2CppGenericMethodDefinitions.c" } },
{ "pid": 1, "tid": 7, "ts": 20518414.0625, "dur": 14849.8001098633, "ph": "X", "name": "HashCompilerInvocation", "args": { "durationMS": 14.8498001098633, "detail": "Il2CppGenericMethodTable.c" } },
{ "pid": 1, "tid": 7, "ts": 20533304.6875, "dur": 9378.80039215088, "ph": "X", "name": "HashCompilerInvocation", "args": { "durationMS": 9.37880039215088, "detail": "com.unity.multiplayer-hlapi.Runtime.cpp" } },
{ "pid": 1, "tid": 7, "ts": 20542724.609375, "dur": 9017.7001953125, "ph": "X", "name": "HashCompilerInvocation", "args": { "durationMS": 9.0177001953125, "detail": "com.unity.multiplayer-hlapi.Runtime2.cpp" } },
{ "pid": 1, "tid": 7, "ts": 20551781.25, "dur": 15350.7995605469, "ph": "X", "name": "HashCompilerInvocation", "args": { "durationMS": 15.3507995605469, "detail": "mscorlib1.cpp" } },
{ "pid": 1, "tid": 7, "ts": 20567171.875, "dur": 11559.0000152588, "ph": "X", "name": "HashCompilerInvocation", "args": { "durationMS": 11.5590000152588, "detail": "Generics12.cpp" } },
{ "pid": 1, "tid": 7, "ts": 20578773.4375, "dur": 6715.19994735718, "ph": "X", "name": "HashCompilerInvocation", "args": { "durationMS": 6.71519994735718, "detail": "Generics15.cpp" } },
{ "pid": 1, "tid": 7, "ts": 20585535.15625, "dur": 7491.30010604858, "ph": "X", "name": "HashCompilerInvocation", "args": { "durationMS": 7.49130010604858, "detail": "Generics19.cpp" } },
{ "pid": 1, "tid": 7, "ts": 20593068.359375, "dur": 6274.6000289917, "ph": "X", "name": "HashCompilerInvocation", "args": { "durationMS": 6.2746000289917, "detail": "Generics18.cpp" } },
{ "pid": 1, "tid": 7, "ts": 20599394.53125, "dur": 7242.80023574829, "ph": "X", "name": "HashCompilerInvocation", "args": { "durationMS": 7.24280023574829, "detail": "GenericMethods6.cpp" } },
{ "pid": 1, "tid": 7, "ts": 20606683.59375, "dur": 12397.2997665405, "ph": "X", "name": "HashCompilerInvocation", "args": { "durationMS": 12.3972997665405, "detail": "I18N.cpp" } },
{ "pid": 1, "tid": 7, "ts": 20619121.09375, "dur": 2863.10005187988, "ph": "X", "name": "HashCompilerInvocation", "args": { "durationMS": 2.86310005187988, "detail": "UnityEngine.AnimationModule.cpp" } },
{ "pid": 1, "tid": 7, "ts": 20622025.390625, "dur": 3882.40003585815, "ph": "X", "name": "HashCompilerInvocation", "args": { "durationMS": 3.88240003585815, "detail": "UnityEngine.TextRenderingModule.cpp" } },
{ "pid": 1, "tid": 7, "ts": 20625958.984375, "dur": 2458.899974823, "ph": "X", "name": "HashCompilerInvocation", "args": { "durationMS": 2.458899974823, "detail": "Mono.Security.cpp" } },
{ "pid": 1, "tid": 7, "ts": 20628464.84375, "dur": 4870.39995193481, "ph": "X", "name": "HashCompilerInvocation", "args": { "durationMS": 4.87039995193481, "detail": "UnityEngine.UIElementsModule.cpp" } },
{ "pid": 1, "tid": 7, "ts": 20633376.953125, "dur": 1970.60000896454, "ph": "X", "name": "HashCompilerInvocation", "args": { "durationMS": 1.97060000896454, "detail": "UnityEngine.UnityAnalyticsModule.cpp" } },
{ "pid": 1, "tid": 7, "ts": 20635392.578125, "dur": 3075.59990882874, "ph": "X", "name": "HashCompilerInvocation", "args": { "durationMS": 3.07559990882874, "detail": "UnityEngine.VFXModule.cpp" } },
{ "pid": 1, "tid": 7, "ts": 20638507.8125, "dur": 1738.10005187988, "ph": "X", "name": "HashCompilerInvocation", "args": { "durationMS": 1.73810005187988, "detail": "UnityEngine.JSONSerializeModule.cpp" } },
{ "pid": 1, "tid": 7, "ts": 20640269.53125, "dur": 1436.30003929138, "ph": "X", "name": "HashCompilerInvocation", "args": { "durationMS": 1.43630003929138, "detail": "System.Core_CodeGen.c" } },
{ "pid": 1, "tid": 7, "ts": 20641732.421875, "dur": 1342.5999879837, "ph": "X", "name": "HashCompilerInvocation", "args": { "durationMS": 1.3425999879837, "detail": "UnityEngine.AnimationModule_CodeGen.c" } },
{ "pid": 1, "tid": 7, "ts": 20643107.421875, "dur": 2453.09996604919, "ph": "X", "name": "HashCompilerInvocation", "args": { "durationMS": 2.45309996604919, "detail": "UnityEngine.PhysicsModule_CodeGen.c" } },
{ "pid": 1, "tid": 7, "ts": 20645583.984375, "dur": 1343.60003471375, "ph": "X", "name": "HashCompilerInvocation", "args": { "durationMS": 1.34360003471375, "detail": "I18N.West_CodeGen.c" } },
{ "pid": 1, "tid": 7, "ts": 20646966.796875, "dur": 1881.39998912811, "ph": "X", "name": "HashCompilerInvocation", "args": { "durationMS": 1.88139998912811, "detail": "UnityEngine.AIModule.cpp" } },
{ "pid": 1, "tid": 7, "ts": 20648884.765625, "dur": 4071.30002975464, "ph": "X", "name": "HashCompilerInvocation", "args": { "durationMS": 4.07130002975464, "detail": "Lump_libil2cpp_icalls.cpp" } },
{ "pid": 1, "tid": 7, "ts": 20652982.421875, "dur": 1967.49997138977, "ph": "X", "name": "HashCompilerInvocation", "args": { "durationMS": 1.96749997138977, "detail": "crc32.c" } },
{ "pid": 1, "tid": 7, "ts": 20654990.234375, "dur": 1872.49994277954, "ph": "X", "name": "HashCompilerInvocation", "args": { "durationMS": 1.87249994277954, "detail": "UnityEngine.AudioModule_CodeGen.c" } },
{ "pid": 1, "tid": 7, "ts": 20656927.734375, "dur": 3196.19989395142, "ph": "X", "name": "HashCompilerInvocation", "args": { "durationMS": 3.19619989395142, "detail": "zutil.c" } },
{ "pid": 1, "tid": 7, "ts": 20660150.390625, "dur": 1268.20003986359, "ph": "X", "name": "HashCompilerInvocation", "args": { "durationMS": 1.26820003986359, "detail": "System.Configuration_CodeGen.c" } },
{ "pid": 1, "tid": 7, "ts": 20661445.3125, "dur": 18836.799621582, "ph": "X", "name": "HashCompilerInvocation", "args": { "durationMS": 18.836799621582, "detail": "System.Xml.cpp" } },
{ "pid": 1, "tid": 7, "ts": 20680320.3125, "dur": 3610.59999465942, "ph": "X", "name": "HashCompilerInvocation", "args": { "durationMS": 3.61059999465942, "detail": "Lump_libil2cpp_vm-utils.cpp" } },
{ "pid": 1, "tid": 7, "ts": 20683970.703125, "dur": 1721.69995307922, "ph": "X", "name": "HashCompilerInvocation", "args": { "durationMS": 1.72169995307922, "detail": "Il2CppGenericComDefinitions.cpp" } }
],
"meta_datetime": "02/10/2021 20:32:46",
"meta_command_line": "\"C:\\Program Files\\Unity Editor\\2019.2.9f1\\Editor\\Data\\il2cpp/build/il2cpp.exe\" --convert-to-cpp --emit-null-checks --enable-array-bounds-check --dotnetprofile=\"unityaot\" --compile-cpp --libil2cpp-static --platform=\"WinRT\" --architecture=\"x64\" --configuration=\"Release\" --outputpath=\"C:\\Users\\shane\\Downloads\\GrizzlyDefenseBuild12\\GrizzlyDefenseBuild12\\GrizzlyDefenseBuild12\\Temp\\StagingArea\\Data\\Native\\GameAssembly.dll\" --cachedirectory=\"C:\\Users\\shane\\Downloads\\GrizzlyDefenseBuild12\\GrizzlyDefenseBuild12\\GrizzlyDefenseBuild12\\Assets\\..\\Library\\UWP\\x64\\Release/il2cpp_cache\" --profiler-report --map-file-parser=\"C:/Program Files/Unity Editor/2019.2.9f1/Editor/Data/Tools/MapFileParser/MapFileParser.exe\" --directory=C:/Users/shane/Downloads/GrizzlyDefenseBuild12/GrizzlyDefenseBuild12/GrizzlyDefenseBuild12/Temp/StagingArea/Data/Managed --generatedcppdir=C:/Users/shane/Downloads/GrizzlyDefenseBuild12/GrizzlyDefenseBuild12/GrizzlyDefenseBuild12/Temp/StagingArea/Data/il2cppOutput ",
"meta_command_line_args": "C:\\Program Files\\Unity Editor\\2019.2.9f1\\Editor\\Data\\il2cpp/build/il2cpp.exe --convert-to-cpp --emit-null-checks --enable-array-bounds-check --dotnetprofile=unityaot --compile-cpp --libil2cpp-static --platform=WinRT --architecture=x64 --configuration=Release --outputpath=C:\\Users\\shane\\Downloads\\GrizzlyDefenseBuild12\\GrizzlyDefenseBuild12\\GrizzlyDefenseBuild12\\Temp\\StagingArea\\Data\\Native\\GameAssembly.dll --cachedirectory=C:\\Users\\shane\\Downloads\\GrizzlyDefenseBuild12\\GrizzlyDefenseBuild12\\GrizzlyDefenseBuild12\\Assets\\..\\Library\\UWP\\x64\\Release/il2cpp_cache --profiler-report --map-file-parser=C:/Program Files/Unity Editor/2019.2.9f1/Editor/Data/Tools/MapFileParser/MapFileParser.exe --directory=C:/Users/shane/Downloads/GrizzlyDefenseBuild12/GrizzlyDefenseBuild12/GrizzlyDefenseBuild12/Temp/StagingArea/Data/Managed --generatedcppdir=C:/Users/shane/Downloads/GrizzlyDefenseBuild12/GrizzlyDefenseBuild12/GrizzlyDefenseBuild12/Temp/StagingArea/Data/il2cppOutput",
"meta_user_name": "shane",
"meta_os_version": "Microsoft Windows NT 6.2.9200.0",
"meta_cpu_count": "8"}
