﻿<?xml version="1.0" encoding="utf-8"?>
<Package xmlns:mp="http://schemas.microsoft.com/appx/2014/phone/manifest" xmlns:uap="http://schemas.microsoft.com/appx/manifest/uap/windows10" xmlns:uap2="http://schemas.microsoft.com/appx/manifest/uap/windows10/2" xmlns:uap3="http://schemas.microsoft.com/appx/manifest/uap/windows10/3" xmlns:uap4="http://schemas.microsoft.com/appx/manifest/uap/windows10/4" xmlns:iot="http://schemas.microsoft.com/appx/manifest/iot/windows10" xmlns:mobile="http://schemas.microsoft.com/appx/manifest/mobile/windows10" IgnorableNamespaces="uap uap2 uap3 uap4 mp mobile iot" xmlns="http://schemas.microsoft.com/appx/manifest/foundation/windows10">
  <Identity Name="draw-shapes-unity" Publisher="CN=DefaultCompany" Version="1.0.0.0" ProcessorArchitecture="x86" />
  <mp:PhoneIdentity PhoneProductId="54d969e6-77a8-4da1-b689-8fea192f91a1" PhonePublisherId="00000000-0000-0000-0000-000000000000" />
  <Properties>
    <DisplayName>GrizzDefense</DisplayName>
    <PublisherDisplayName>DefaultCompany</PublisherDisplayName>
    <Logo>Assets\StoreLogo.png</Logo>
  </Properties>
  <Dependencies>
    <TargetDeviceFamily Name="Windows.Universal" MinVersion="10.0.18362.0" MaxVersionTested="10.0.18362.0" />
    <PackageDependency Name="Microsoft.VCLibs.140.00" MinVersion="14.0.0.0" Publisher="CN=Microsoft Corporation, O=Microsoft Corporation, L=Redmond, S=Washington, C=US" />
  </Dependencies>
  <Resources>
    <Resource Language="EN-US" />
  </Resources>
  <Applications>
    <Application Id="App" Executable="GrizzDefense.exe" EntryPoint="draw-shapes-unity.App">
      <uap:VisualElements DisplayName="GrizzDefense" Square150x150Logo="Assets\Square150x150Logo.png" Square44x44Logo="Assets\Square44x44Logo.png" Description="draw-shapes-unity" BackgroundColor="transparent">
        <uap:DefaultTile Wide310x150Logo="Assets\Wide310x150Logo.png" />
        <uap:SplashScreen Image="Assets\SplashScreen.png" BackgroundColor="#FFFFFF" />
        <uap:InitialRotationPreference>
          <uap:Rotation Preference="landscape" />
          <uap:Rotation Preference="landscapeFlipped" />
          <uap:Rotation Preference="portrait" />
          <uap:Rotation Preference="portraitFlipped" />
        </uap:InitialRotationPreference>
      </uap:VisualElements>
    </Application>
  </Applications>
  <Extensions>
    <Extension Category="windows.activatableClass.inProcessServer">
      <InProcessServer>
        <Path>UnityPlayer.dll</Path>
        <ActivatableClass ActivatableClassId="UnityPlayer.AppCallbacks" ThreadingModel="both" />
        <ActivatableClass ActivatableClassId="UnityPlayer.XamlViewManager" ThreadingModel="both" />
      </InProcessServer>
    </Extension>
  </Extensions>
</Package>